id,transaction_id,orden_compra,product_id
1,108B1D1D-5B23-A76C-55EF-C568E49A05DD,product_id1,59
2,7DC26247-20EC-53FE-E555-B6C2E55CA5D5,product_id1,71
3,7DC26247-20EC-53FE-E555-B6C2E55CA5D5,product_id2,41
4,72997E96-DC2C-A4D7-7C24-66C302F8AE5A,product_id1,97
5,72997E96-DC2C-A4D7-7C24-66C302F8AE5A,product_id2,41
6,72997E96-DC2C-A4D7-7C24-66C302F8AE5A,product_id3,3
7,AB069F53-965E-A2A8-CE06-CA8C4FD92501,product_id1,11
8,AB069F53-965E-A2A8-CE06-CA8C4FD92501,product_id2,13
9,AB069F53-965E-A2A8-CE06-CA8C4FD92501,product_id3,61
10,AB069F53-965E-A2A8-CE06-CA8C4FD92501,product_id4,29
11,2F3B6AB6-147D-EB0B-FE8D-9A4E2EA9DBD5,product_id1,47
12,2F3B6AB6-147D-EB0B-FE8D-9A4E2EA9DBD5,product_id2,37
13,2F3B6AB6-147D-EB0B-FE8D-9A4E2EA9DBD5,product_id3,11
14,2F3B6AB6-147D-EB0B-FE8D-9A4E2EA9DBD5,product_id4,1
15,5B0EEF86-B8A1-EFAA-5EE1-27E7DC8F54A4,product_id1,23
16,5B0EEF86-B8A1-EFAA-5EE1-27E7DC8F54A4,product_id2,19
17,5B0EEF86-B8A1-EFAA-5EE1-27E7DC8F54A4,product_id3,71
18,2B928E1C-EC14-A760-0A75-871477649D6A,product_id1,59
19,2B928E1C-EC14-A760-0A75-871477649D6A,product_id2,13
20,2B928E1C-EC14-A760-0A75-871477649D6A,product_id3,23
21,063FBA79-99EC-66FB-29F7-25726D1764A5,product_id1,47
22,063FBA79-99EC-66FB-29F7-25726D1764A5,product_id2,67
23,063FBA79-99EC-66FB-29F7-25726D1764A5,product_id3,31
24,063FBA79-99EC-66FB-29F7-25726D1764A5,product_id4,5
25,D33B21EB-A61E-BD8C-5DE7-1DA4AC210AE6,product_id1,17
26,D33B21EB-A61E-BD8C-5DE7-1DA4AC210AE6,product_id2,13
27,D33B21EB-A61E-BD8C-5DE7-1DA4AC210AE6,product_id3,73
28,841AC1A0-9CA6-2AF7-EBC2-BC9C77C1EBB8,product_id1,47
29,D3470F3E-9683-799A-40F1-E42C143BAC5A,product_id1,1
30,D6F37D7A-A07E-01AA-DE27-476C89D26A8E,product_id1,61
31,D6F37D7A-A07E-01AA-DE27-476C89D26A8E,product_id2,13
32,D6F37D7A-A07E-01AA-DE27-476C89D26A8E,product_id3,7
33,D6F37D7A-A07E-01AA-DE27-476C89D26A8E,product_id4,71
34,DE684792-5DEE-5E12-D0B5-C5661D48F42A,product_id1,59
35,4832166E-E11C-BBC3-41DB-B8704686B7A3,product_id1,41
36,4832166E-E11C-BBC3-41DB-B8704686B7A3,product_id2,83
37,1788C881-EE67-9BAB-377A-4C78E772160B,product_id1,7
38,1788C881-EE67-9BAB-377A-4C78E772160B,product_id2,2
39,1788C881-EE67-9BAB-377A-4C78E772160B,product_id3,79
40,4B3FF0B5-1547-801E-D5B0-44EDB2F62210,product_id1,83
41,2C7D9B65-2629-CAB1-5010-77BD1A74ADA6,product_id1,53
42,71983A22-79E9-4843-60EB-B935637FFAA4,product_id1,7
43,71983A22-79E9-4843-60EB-B935637FFAA4,product_id2,3
44,71983A22-79E9-4843-60EB-B935637FFAA4,product_id3,17
45,91C71934-D65D-B4A1-0D5E-670A47DAC93C,product_id1,79
46,91C71934-D65D-B4A1-0D5E-670A47DAC93C,product_id2,47
47,79B621A9-3FAA-41E4-2845-3DE6532C743D,product_id1,11
48,79B621A9-3FAA-41E4-2845-3DE6532C743D,product_id2,37
49,79B621A9-3FAA-41E4-2845-3DE6532C743D,product_id3,43
50,632BBEE9-4725-E15C-7FC4-5B5D7EC5BD29,product_id1,89
51,632BBEE9-4725-E15C-7FC4-5B5D7EC5BD29,product_id2,3
52,C79B917A-76A1-9A57-A9DF-D8CAD4C91684,product_id1,83
53,4334349E-CEB0-3D68-A4D4-FEB7718A1ACE,product_id1,67
54,E6439B1C-C8F4-15B5-36ED-718482226631,product_id1,83
55,4915FB62-6A6C-9ACA-E92E-03D94E774161,product_id1,97
56,4915FB62-6A6C-9ACA-E92E-03D94E774161,product_id2,43
57,CDF1E4E5-1A4D-54CD-8734-D48AC4C3E5E6,product_id1,37
58,CDF1E4E5-1A4D-54CD-8734-D48AC4C3E5E6,product_id2,43
59,CDF1E4E5-1A4D-54CD-8734-D48AC4C3E5E6,product_id3,31
60,CDF1E4E5-1A4D-54CD-8734-D48AC4C3E5E6,product_id4,5
61,4E562A2B-99E9-8C82-2340-B6623BC9FE2F,product_id1,1
62,4E562A2B-99E9-8C82-2340-B6623BC9FE2F,product_id2,59
63,2139A647-D965-AA81-3915-55DADA16CD3F,product_id1,79
64,2139A647-D965-AA81-3915-55DADA16CD3F,product_id2,71
65,55B161FA-A6E4-7783-11A3-ABB8930198E3,product_id1,43
66,55B161FA-A6E4-7783-11A3-ABB8930198E3,product_id2,83
67,598EA316-9623-BDA9-6D24-529A830AD995,product_id1,79
68,598EA316-9623-BDA9-6D24-529A830AD995,product_id2,19
69,598EA316-9623-BDA9-6D24-529A830AD995,product_id3,71
70,C0E79971-4E7D-C876-ABE5-5402A7162951,product_id1,37
71,C0E79971-4E7D-C876-ABE5-5402A7162951,product_id2,17
72,C0E79971-4E7D-C876-ABE5-5402A7162951,product_id3,5
73,B9A3856E-B2FE-F957-CC3F-F3473D2B5CFE,product_id1,61
74,A993ECC6-B915-5796-8B2A-8191DF52588E,product_id1,79
75,A993ECC6-B915-5796-8B2A-8191DF52588E,product_id2,17
76,A993ECC6-B915-5796-8B2A-8191DF52588E,product_id3,3
77,A993ECC6-B915-5796-8B2A-8191DF52588E,product_id4,53
78,2A5A3001-104F-1D1F-7852-5BA801869B6F,product_id1,13
79,2A5A3001-104F-1D1F-7852-5BA801869B6F,product_id2,1
80,2A5A3001-104F-1D1F-7852-5BA801869B6F,product_id3,41
81,5E7BBA02-A5B6-C734-D7B7-241D674254A9,product_id1,71
82,5E7BBA02-A5B6-C734-D7B7-241D674254A9,product_id2,79
83,5E7BBA02-A5B6-C734-D7B7-241D674254A9,product_id3,73
84,5E7BBA02-A5B6-C734-D7B7-241D674254A9,product_id4,61
85,FAAD3FFC-1A17-E141-43D3-359A5BA7CB3B,product_id1,2
86,FAAD3FFC-1A17-E141-43D3-359A5BA7CB3B,product_id2,13
87,FAAD3FFC-1A17-E141-43D3-359A5BA7CB3B,product_id3,5
88,FAAD3FFC-1A17-E141-43D3-359A5BA7CB3B,product_id4,19
89,276AB37B-1B03-234B-1DA0-88FF91175221,product_id1,19
90,276AB37B-1B03-234B-1DA0-88FF91175221,product_id2,97
91,276AB37B-1B03-234B-1DA0-88FF91175221,product_id3,61
92,FA053936-75D8-85FA-490D-9B624E1B920A,product_id1,37
93,FA053936-75D8-85FA-490D-9B624E1B920A,product_id2,5
94,E5078B1B-9591-E204-CC0A-E14C4EC74EAB,product_id1,17
95,E5078B1B-9591-E204-CC0A-E14C4EC74EAB,product_id2,73
96,9CB62BC2-FFA6-449F-59E4-379EDA5F29C6,product_id1,29
97,9CB62BC2-FFA6-449F-59E4-379EDA5F29C6,product_id2,61
98,9CB62BC2-FFA6-449F-59E4-379EDA5F29C6,product_id3,71
99,9CB62BC2-FFA6-449F-59E4-379EDA5F29C6,product_id4,47
100,3C612673-2DD7-43C4-87CA-F90DE2E1372E,product_id1,41
101,3C612673-2DD7-43C4-87CA-F90DE2E1372E,product_id2,37
102,3C612673-2DD7-43C4-87CA-F90DE2E1372E,product_id3,3
103,2449E458-D672-3152-B598-FE959AC3AEB6,product_id1,23
104,2449E458-D672-3152-B598-FE959AC3AEB6,product_id2,71
105,2449E458-D672-3152-B598-FE959AC3AEB6,product_id3,41
106,2449E458-D672-3152-B598-FE959AC3AEB6,product_id4,5
107,FD2E8957-414B-BEEC-E9AD-59AA7A8A6290,product_id1,83
108,FD2E8957-414B-BEEC-E9AD-59AA7A8A6290,product_id2,7
109,FD2E8957-414B-BEEC-E9AD-59AA7A8A6290,product_id3,17
110,FD2E8957-414B-BEEC-E9AD-59AA7A8A6290,product_id4,89
111,15CC4862-D13E-ED4B-941C-486484AFDFAD,product_id1,97
112,15CC4862-D13E-ED4B-941C-486484AFDFAD,product_id2,89
113,51DDB2CB-211E-C27A-24C1-239329CA17BF,product_id1,47
114,51DDB2CB-211E-C27A-24C1-239329CA17BF,product_id2,41
115,51DDB2CB-211E-C27A-24C1-239329CA17BF,product_id3,23
116,51DDB2CB-211E-C27A-24C1-239329CA17BF,product_id4,7
117,ECA2BD28-2B62-921A-A912-E68C2806C27E,product_id1,79
118,ECA2BD28-2B62-921A-A912-E68C2806C27E,product_id2,29
119,B6B96082-ECDB-22C1-C413-6E14E8078EC6,product_id1,43
120,B6B96082-ECDB-22C1-C413-6E14E8078EC6,product_id2,83
121,643CF9F8-30EC-537D-2FB9-E5BEAD5717C6,product_id1,7
122,77B044E8-522C-7870-18E7-B4458BD7EC90,product_id1,61
123,77B044E8-522C-7870-18E7-B4458BD7EC90,product_id2,47
124,77B044E8-522C-7870-18E7-B4458BD7EC90,product_id3,29
125,B3CE84BA-2A5C-226C-749F-ECCDF91F19CE,product_id1,17
126,B3CE84BA-2A5C-226C-749F-ECCDF91F19CE,product_id2,1
127,B3CE84BA-2A5C-226C-749F-ECCDF91F19CE,product_id3,11
128,7545D580-8332-0024-92F2-6AB47E5C205E,product_id1,47
129,7545D580-8332-0024-92F2-6AB47E5C205E,product_id2,2
130,7AB09864-E615-84D4-A818-0E6177185C92,product_id1,23
131,B53165B9-7C93-0783-641C-5EA94E4C8683,product_id1,71
132,B53165B9-7C93-0783-641C-5EA94E4C8683,product_id2,53
133,8432397E-BCE5-EC1D-67E3-E0F92EDB1777,product_id1,7
134,8432397E-BCE5-EC1D-67E3-E0F92EDB1777,product_id2,61
135,8432397E-BCE5-EC1D-67E3-E0F92EDB1777,product_id3,23
136,8432397E-BCE5-EC1D-67E3-E0F92EDB1777,product_id4,73
137,44ED47D3-5B2D-2D7C-44C8-8B258DF3773C,product_id1,19
138,44ED47D3-5B2D-2D7C-44C8-8B258DF3773C,product_id2,41
139,44ED47D3-5B2D-2D7C-44C8-8B258DF3773C,product_id3,3
140,D1B245BE-2D26-CA7D-C357-027A6D27A0A1,product_id1,83
141,D1B245BE-2D26-CA7D-C357-027A6D27A0A1,product_id2,67
142,8655F767-78E6-733A-37B9-210CC3D1D4A9,product_id1,61
143,8655F767-78E6-733A-37B9-210CC3D1D4A9,product_id2,67
144,8655F767-78E6-733A-37B9-210CC3D1D4A9,product_id3,3
145,8655F767-78E6-733A-37B9-210CC3D1D4A9,product_id4,23
146,414D51E1-B793-49F5-B593-795429B4E258,product_id1,7
147,414D51E1-B793-49F5-B593-795429B4E258,product_id2,67
148,414D51E1-B793-49F5-B593-795429B4E258,product_id3,23
149,9B6B74E4-92EC-1E1B-908B-3C611E43611D,product_id1,97
150,9B6B74E4-92EC-1E1B-908B-3C611E43611D,product_id2,71
151,9B6B74E4-92EC-1E1B-908B-3C611E43611D,product_id3,2
152,8796C289-D355-1A10-3CD5-ADF327D4642A,product_id1,73
153,8796C289-D355-1A10-3CD5-ADF327D4642A,product_id2,83
154,8796C289-D355-1A10-3CD5-ADF327D4642A,product_id3,23
155,EDC458E3-6E51-2D30-5CD6-838D10959BA5,product_id1,13
156,EDC458E3-6E51-2D30-5CD6-838D10959BA5,product_id2,29
157,EDC458E3-6E51-2D30-5CD6-838D10959BA5,product_id3,59
158,E6E14C3A-1AE7-7B62-57D8-16A6F19C995F,product_id1,97
159,E6E14C3A-1AE7-7B62-57D8-16A6F19C995F,product_id2,1
160,E6E14C3A-1AE7-7B62-57D8-16A6F19C995F,product_id3,7
161,DB503576-8093-1D85-37D6-3439B577AD73,product_id1,5
162,DB503576-8093-1D85-37D6-3439B577AD73,product_id2,43
163,B4F9ED4C-DEB5-266B-1A61-1A1965A10118,product_id1,89
164,85390F4A-9A61-3352-7EE3-ABDA9EDC7C55,product_id1,73
165,85390F4A-9A61-3352-7EE3-ABDA9EDC7C55,product_id2,2
166,B1ED4136-DA1A-6BF3-4C61-7A575F624670,product_id1,23
167,B1ED4136-DA1A-6BF3-4C61-7A575F624670,product_id2,71
168,B1ED4136-DA1A-6BF3-4C61-7A575F624670,product_id3,29
169,B1ED4136-DA1A-6BF3-4C61-7A575F624670,product_id4,5
170,92DCEDD9-46E7-9792-FA05-9B193E926C8B,product_id1,61
171,92DCEDD9-46E7-9792-FA05-9B193E926C8B,product_id2,29
172,92DCEDD9-46E7-9792-FA05-9B193E926C8B,product_id3,47
173,E8063254-0D54-D3C6-B339-78456C984528,product_id1,5
174,E8063254-0D54-D3C6-B339-78456C984528,product_id2,79
175,9B487518-5BB7-8169-CD02-3E3992459539,product_id1,41
176,5DC8DC6C-24F8-36A6-4A1C-60E444EC331E,product_id1,17
177,5DC8DC6C-24F8-36A6-4A1C-60E444EC331E,product_id2,59
178,E147E181-2D6F-E466-AE2A-D2719EE19DDF,product_id1,43
179,E147E181-2D6F-E466-AE2A-D2719EE19DDF,product_id2,53
180,53398420-74DC-B969-5566-4A83B0DDD757,product_id1,43
181,53398420-74DC-B969-5566-4A83B0DDD757,product_id2,7
182,A38992C3-9B3D-C35C-3AC8-477132B4904D,product_id1,1
183,A38992C3-9B3D-C35C-3AC8-477132B4904D,product_id2,2
184,A38992C3-9B3D-C35C-3AC8-477132B4904D,product_id3,31
185,439F4F6A-57C7-3A59-6038-AD7133887522,product_id1,79
186,439F4F6A-57C7-3A59-6038-AD7133887522,product_id2,17
187,CA8EDD4B-5EC5-8447-3804-20B27924B221,product_id1,73
188,6118B3E9-D9D1-55D4-1A1B-A58CC63845B6,product_id1,19
189,6118B3E9-D9D1-55D4-1A1B-A58CC63845B6,product_id2,71
190,518D6CCF-593A-8932-BE5B-44597DCDDFE9,product_id1,79
191,518D6CCF-593A-8932-BE5B-44597DCDDFE9,product_id2,11
192,CBEB6D56-317E-1FA2-55D1-31B5C769C6C7,product_id1,2
193,CBEB6D56-317E-1FA2-55D1-31B5C769C6C7,product_id2,23
194,770ECE34-EC9D-34AE-8A96-A8E5749AA037,product_id1,59
195,770ECE34-EC9D-34AE-8A96-A8E5749AA037,product_id2,97
196,770ECE34-EC9D-34AE-8A96-A8E5749AA037,product_id3,2
197,770ECE34-EC9D-34AE-8A96-A8E5749AA037,product_id4,43
198,743280CC-B786-23A5-5E18-15B5E1A9CB01,product_id1,67
199,743280CC-B786-23A5-5E18-15B5E1A9CB01,product_id2,41
200,743280CC-B786-23A5-5E18-15B5E1A9CB01,product_id3,13
201,75685049-7F29-3D74-733E-571854E7C521,product_id1,2
202,75685049-7F29-3D74-733E-571854E7C521,product_id2,71
203,51CEA9A2-56AD-C8C8-EBDB-6AF2B74433F3,product_id1,5
204,51CEA9A2-56AD-C8C8-EBDB-6AF2B74433F3,product_id2,79
205,51CEA9A2-56AD-C8C8-EBDB-6AF2B74433F3,product_id3,73
206,B9D9B488-E843-C5AD-FB5B-2F4DE894EA53,product_id1,37
207,8D895ADD-5501-2A9C-24DD-2EAEB7AEF1C5,product_id1,61
208,8D895ADD-5501-2A9C-24DD-2EAEB7AEF1C5,product_id2,43
209,8D895ADD-5501-2A9C-24DD-2EAEB7AEF1C5,product_id3,1
210,E1DEA6A2-4E2A-C572-3E58-CBCBEAED2A99,product_id1,47
211,E1DEA6A2-4E2A-C572-3E58-CBCBEAED2A99,product_id2,97
212,A2689A2C-722B-9357-886D-2DDA864E246D,product_id1,17
213,A2689A2C-722B-9357-886D-2DDA864E246D,product_id2,23
214,A2689A2C-722B-9357-886D-2DDA864E246D,product_id3,13
215,A2689A2C-722B-9357-886D-2DDA864E246D,product_id4,89
216,CAAD217C-D2CC-C0D3-7D3A-95D6A32383EB,product_id1,79
217,CAAD217C-D2CC-C0D3-7D3A-95D6A32383EB,product_id2,67
218,CAAD217C-D2CC-C0D3-7D3A-95D6A32383EB,product_id3,29
219,23CF8ED3-402C-7C54-59CD-DB505C5CCCCE,product_id1,61
220,23CF8ED3-402C-7C54-59CD-DB505C5CCCCE,product_id2,67
221,23CF8ED3-402C-7C54-59CD-DB505C5CCCCE,product_id3,1
222,BA91684D-74AA-3BB6-148B-346B6EAD1937,product_id1,61
223,BA91684D-74AA-3BB6-148B-346B6EAD1937,product_id2,1
224,2B20375D-A316-8471-E83E-41EC79B7A88D,product_id1,73
225,2B20375D-A316-8471-E83E-41EC79B7A88D,product_id2,89
226,2B20375D-A316-8471-E83E-41EC79B7A88D,product_id3,3
227,CDCDE7A5-39CD-9ABD-59D5-71641582C825,product_id1,1
228,CDCDE7A5-39CD-9ABD-59D5-71641582C825,product_id2,13
229,CDCDE7A5-39CD-9ABD-59D5-71641582C825,product_id3,67
230,CDCDE7A5-39CD-9ABD-59D5-71641582C825,product_id4,11
231,B4793303-EDF5-4F53-39CB-AA6A2877CDF9,product_id1,37
232,B4793303-EDF5-4F53-39CB-AA6A2877CDF9,product_id2,79
233,69482DC9-4E31-62E0-14AC-05908C632212,product_id1,79
234,EEAAE515-66B6-B449-5926-54D397988AD9,product_id1,43
235,EEAAE515-66B6-B449-5926-54D397988AD9,product_id2,59
236,EEAAE515-66B6-B449-5926-54D397988AD9,product_id3,11
237,7A0BCF99-A8ED-A7C7-2828-CD30FDC44297,product_id1,17
238,7A0BCF99-A8ED-A7C7-2828-CD30FDC44297,product_id2,61
239,636C9DDA-453D-B336-FD2E-89A0E48E1C52,product_id1,97
240,636C9DDA-453D-B336-FD2E-89A0E48E1C52,product_id2,5
241,24EB2B70-3602-FDA8-54D5-9CD7F3CA523C,product_id1,2
242,D1E3CC8F-C783-2C23-1ED2-EBA82281C666,product_id1,79
243,494D615C-793A-2D79-B0D7-872F4F822346,product_id1,7
244,494D615C-793A-2D79-B0D7-872F4F822346,product_id2,17
245,494D615C-793A-2D79-B0D7-872F4F822346,product_id3,13
246,3D4B5BDD-C674-13F6-B132-09D180277BC9,product_id1,47
247,3D4B5BDD-C674-13F6-B132-09D180277BC9,product_id2,31
248,3D4B5BDD-C674-13F6-B132-09D180277BC9,product_id3,19
249,443E9122-55E4-142E-AAF8-C0E7148C38AB,product_id1,43
250,22C9EC22-45FC-72C8-63CE-5FA99A24E770,product_id1,5
251,22C9EC22-45FC-72C8-63CE-5FA99A24E770,product_id2,97
252,22C9EC22-45FC-72C8-63CE-5FA99A24E770,product_id3,11
253,22C9EC22-45FC-72C8-63CE-5FA99A24E770,product_id4,13
254,3C291BE8-CA7C-39BA-76F8-7CB74937EC98,product_id1,31
255,1DE927AB-29A8-654F-3372-43971B6844AA,product_id1,73
256,1DE927AB-29A8-654F-3372-43971B6844AA,product_id2,79
257,1DE927AB-29A8-654F-3372-43971B6844AA,product_id3,97
258,1DE927AB-29A8-654F-3372-43971B6844AA,product_id4,13
259,5E6EC264-1D42-EE1D-870A-497C85828A6A,product_id1,5
260,5E6EC264-1D42-EE1D-870A-497C85828A6A,product_id2,29
261,EC243849-3D95-A5B3-29B4-6F8AA1A5B999,product_id1,23
262,EC243849-3D95-A5B3-29B4-6F8AA1A5B999,product_id2,13
263,833D9E90-4125-CC29-1E8E-647F9F17571A,product_id1,3
264,1A9B5411-64D8-DEC4-AC74-43E235AAEFC1,product_id1,3
265,1A9B5411-64D8-DEC4-AC74-43E235AAEFC1,product_id2,67
266,EAD9435C-77C0-3D84-D9A9-BF535EDABE7A,product_id1,11
267,EAD9435C-77C0-3D84-D9A9-BF535EDABE7A,product_id2,67
268,1017AA59-3D5F-7A4C-1992-D151A8D1FA0A,product_id1,37
269,1017AA59-3D5F-7A4C-1992-D151A8D1FA0A,product_id2,13
270,8719DE73-B4B6-3B52-29CE-15B666A73AF6,product_id1,47
271,8719DE73-B4B6-3B52-29CE-15B666A73AF6,product_id2,43
272,8719DE73-B4B6-3B52-29CE-15B666A73AF6,product_id3,1
273,A143CEC3-5F73-4A92-BBEC-48125E1A9C17,product_id1,71
274,A143CEC3-5F73-4A92-BBEC-48125E1A9C17,product_id2,41
275,A143CEC3-5F73-4A92-BBEC-48125E1A9C17,product_id3,11
276,1FB125A8-0901-63AC-E2B7-349E5974FBAD,product_id1,79
277,F22BB361-E3CD-BC41-DD6A-A4694F175CD8,product_id1,23
278,F22BB361-E3CD-BC41-DD6A-A4694F175CD8,product_id2,53
279,F22BB361-E3CD-BC41-DD6A-A4694F175CD8,product_id3,79
280,C0B1ABC1-0C03-5C27-977E-A5EC13EED863,product_id1,41
281,C0B1ABC1-0C03-5C27-977E-A5EC13EED863,product_id2,1
282,C0B1ABC1-0C03-5C27-977E-A5EC13EED863,product_id3,23
283,C0B1ABC1-0C03-5C27-977E-A5EC13EED863,product_id4,3
284,0668296C-CDB9-A883-76BC-2E4C44F8C8AE,product_id1,89
285,0668296C-CDB9-A883-76BC-2E4C44F8C8AE,product_id2,83
286,0668296C-CDB9-A883-76BC-2E4C44F8C8AE,product_id3,79
287,2F74E99B-9337-7F74-5208-5DEC81A174FD,product_id1,17
288,2F74E99B-9337-7F74-5208-5DEC81A174FD,product_id2,47
289,2F74E99B-9337-7F74-5208-5DEC81A174FD,product_id3,1
290,2F74E99B-9337-7F74-5208-5DEC81A174FD,product_id4,43
291,3DBC2D2E-1885-9D8A-3476-61E6865183AE,product_id1,83
292,3DBC2D2E-1885-9D8A-3476-61E6865183AE,product_id2,29
293,3DBC2D2E-1885-9D8A-3476-61E6865183AE,product_id3,31
294,C56D5792-57D2-19E4-A43D-80D362E62879,product_id1,7
295,C56D5792-57D2-19E4-A43D-80D362E62879,product_id2,47
296,18D648AB-7D54-A3E8-2DBA-2D8D2991CA43,product_id1,89
297,51328349-2536-AB4A-8E97-D2ED2782A7B8,product_id1,43
298,2F499B4D-4DC7-B337-010D-8B7471812A80,product_id1,1
299,CC77BEEC-E348-8BC9-BE81-46F75404E183,product_id1,71
300,CC77BEEC-E348-8BC9-BE81-46F75404E183,product_id2,37
301,CC77BEEC-E348-8BC9-BE81-46F75404E183,product_id3,47
302,CC77BEEC-E348-8BC9-BE81-46F75404E183,product_id4,7
303,DC5ABC81-6D3F-E8CF-29A9-CC136D6EADB8,product_id1,73
304,DC5ABC81-6D3F-E8CF-29A9-CC136D6EADB8,product_id2,31
305,9AB66BAE-D007-3BD8-C34B-93C854E6715C,product_id1,43
306,9AB66BAE-D007-3BD8-C34B-93C854E6715C,product_id2,3
307,9AB66BAE-D007-3BD8-C34B-93C854E6715C,product_id3,31
308,9AB66BAE-D007-3BD8-C34B-93C854E6715C,product_id4,5
309,4236493E-3596-5E19-4768-2195A5D17CC0,product_id1,71
310,4236493E-3596-5E19-4768-2195A5D17CC0,product_id2,67
311,4236493E-3596-5E19-4768-2195A5D17CC0,product_id3,13
312,BEB017E6-42B6-10EA-3295-42CA3DD78302,product_id1,5
313,DAE50B38-3526-4AAF-71DB-4B45D29EB26A,product_id1,13
314,DAE50B38-3526-4AAF-71DB-4B45D29EB26A,product_id2,5
315,8A515ABB-2FED-22CC-CD25-9493530D2EB4,product_id1,43
316,8A515ABB-2FED-22CC-CD25-9493530D2EB4,product_id2,47
317,8A515ABB-2FED-22CC-CD25-9493530D2EB4,product_id3,31
318,C2248CED-C28E-6A93-6AF4-C33CF738471B,product_id1,7
319,C2248CED-C28E-6A93-6AF4-C33CF738471B,product_id2,2
320,EAD89828-65AA-E817-F946-E7365972D94E,product_id1,53
321,EAD89828-65AA-E817-F946-E7365972D94E,product_id2,13
322,EAD89828-65AA-E817-F946-E7365972D94E,product_id3,47
323,EAD89828-65AA-E817-F946-E7365972D94E,product_id4,97
324,7E6B501B-AD98-1B8B-E7A2-8659C886DBC4,product_id1,73
325,7E6B501B-AD98-1B8B-E7A2-8659C886DBC4,product_id2,59
326,7E6B501B-AD98-1B8B-E7A2-8659C886DBC4,product_id3,3
327,F2B3E645-2E6D-E891-9D05-33DBACE58DE4,product_id1,89
328,F2B3E645-2E6D-E891-9D05-33DBACE58DE4,product_id2,19
329,F2B3E645-2E6D-E891-9D05-33DBACE58DE4,product_id3,29
330,72C62199-C17C-9E1F-8AD7-247B81D6D758,product_id1,71
331,72C62199-C17C-9E1F-8AD7-247B81D6D758,product_id2,19
332,72C62199-C17C-9E1F-8AD7-247B81D6D758,product_id3,1
333,72C62199-C17C-9E1F-8AD7-247B81D6D758,product_id4,89
334,B6F30493-40C3-5391-8A92-5217B10C391A,product_id1,67
335,B6F30493-40C3-5391-8A92-5217B10C391A,product_id2,17
336,B6F30493-40C3-5391-8A92-5217B10C391A,product_id3,97
337,167DE938-B1C2-428D-FA3D-96A45CD41B22,product_id1,7
338,167DE938-B1C2-428D-FA3D-96A45CD41B22,product_id2,37
339,167DE938-B1C2-428D-FA3D-96A45CD41B22,product_id3,2
340,760EEFBC-3E63-3111-613B-ACC61E1B5136,product_id1,61
341,760EEFBC-3E63-3111-613B-ACC61E1B5136,product_id2,7
342,760EEFBC-3E63-3111-613B-ACC61E1B5136,product_id3,17
343,9BC43721-DD11-4539-AA84-D544F911251E,product_id1,97
344,9BC43721-DD11-4539-AA84-D544F911251E,product_id2,19
345,9DED76AE-FE36-ACC3-7377-AE98A6D95247,product_id1,47
346,9DED76AE-FE36-ACC3-7377-AE98A6D95247,product_id2,61
347,9DED76AE-FE36-ACC3-7377-AE98A6D95247,product_id3,73
348,842B6344-B4A2-050D-AA31-9A80432A7E37,product_id1,97
349,842B6344-B4A2-050D-AA31-9A80432A7E37,product_id2,29
350,842B6344-B4A2-050D-AA31-9A80432A7E37,product_id3,67
351,D5E51BD3-4284-8097-8887-4A656C3992A8,product_id1,1
352,D5E51BD3-4284-8097-8887-4A656C3992A8,product_id2,23
353,5BAD8B6D-41B2-E757-6396-88D687C6413A,product_id1,17
354,5BAD8B6D-41B2-E757-6396-88D687C6413A,product_id2,41
355,5BAD8B6D-41B2-E757-6396-88D687C6413A,product_id3,19
356,5BAD8B6D-41B2-E757-6396-88D687C6413A,product_id4,43
357,89398CE5-8912-EC57-7649-3F5394C7D795,product_id1,97
358,370F6D3D-CB63-7335-8B43-15C876E2843B,product_id1,11
359,370F6D3D-CB63-7335-8B43-15C876E2843B,product_id2,23
360,AFE3C197-0B9C-985B-D146-571CD7BEF7FB,product_id1,41
361,AFE3C197-0B9C-985B-D146-571CD7BEF7FB,product_id2,47
362,AFE3C197-0B9C-985B-D146-571CD7BEF7FB,product_id3,73
363,AFE3C197-0B9C-985B-D146-571CD7BEF7FB,product_id4,2
364,BCCE274A-5F25-CF12-1566-492ED48D8211,product_id1,17
365,BCCE274A-5F25-CF12-1566-492ED48D8211,product_id2,11
366,BCCE274A-5F25-CF12-1566-492ED48D8211,product_id3,2
367,FD89D51B-AE8D-77DC-E450-B8083FBD3187,product_id1,3
368,FD89D51B-AE8D-77DC-E450-B8083FBD3187,product_id2,2
369,FD89D51B-AE8D-77DC-E450-B8083FBD3187,product_id3,73
370,FD89D51B-AE8D-77DC-E450-B8083FBD3187,product_id4,1
371,D662DF87-90B7-8C73-CD48-FA68399392C9,product_id1,97
372,D662DF87-90B7-8C73-CD48-FA68399392C9,product_id2,29
373,D662DF87-90B7-8C73-CD48-FA68399392C9,product_id3,13
374,96EA5722-F3D4-FA2A-AC8C-865A5A72DBB5,product_id1,83
375,96EA5722-F3D4-FA2A-AC8C-865A5A72DBB5,product_id2,79
376,D3C579AE-FA77-6234-9843-6DA39D6E329D,product_id1,7
377,D3C579AE-FA77-6234-9843-6DA39D6E329D,product_id2,1
378,B586C7E1-2C13-BFA1-77D2-5DD13CCEA898,product_id1,83
379,E4794E32-196A-C67D-8759-18821CE66CE2,product_id1,43
380,E4794E32-196A-C67D-8759-18821CE66CE2,product_id2,5
381,E4794E32-196A-C67D-8759-18821CE66CE2,product_id3,83
382,D69CE9B1-EA51-56DE-7A5A-496B1F63D112,product_id1,17
383,D69CE9B1-EA51-56DE-7A5A-496B1F63D112,product_id2,43
384,86AA189F-711F-E754-96B9-EB84B2305782,product_id1,3
385,86AA189F-711F-E754-96B9-EB84B2305782,product_id2,37
386,86AA189F-711F-E754-96B9-EB84B2305782,product_id3,61
387,86AA189F-711F-E754-96B9-EB84B2305782,product_id4,73
388,467CC274-71A7-51F4-B58A-A77AADD25833,product_id1,23
389,467CC274-71A7-51F4-B58A-A77AADD25833,product_id2,1
390,467CC274-71A7-51F4-B58A-A77AADD25833,product_id3,41
391,B8B813FE-E89E-C046-17CB-94E9DEE597C1,product_id1,19
392,6964B59E-5B14-4E8E-88B6-D3D9A52E1418,product_id1,47
393,6964B59E-5B14-4E8E-88B6-D3D9A52E1418,product_id2,3
394,6964B59E-5B14-4E8E-88B6-D3D9A52E1418,product_id3,61
395,693EED6A-CD1A-BC0B-B2C6-3DEE6A90290B,product_id1,67
396,E38DC6C5-1EE2-602D-2EA2-D2F39C771CDE,product_id1,67
397,E38DC6C5-1EE2-602D-2EA2-D2F39C771CDE,product_id2,17
398,E38DC6C5-1EE2-602D-2EA2-D2F39C771CDE,product_id3,83
399,E38DC6C5-1EE2-602D-2EA2-D2F39C771CDE,product_id4,43
400,4B517EB7-E52D-6A40-B47D-398B745EE183,product_id1,59
401,DD3945B9-8D77-14B9-C237-5B41A62ABDAC,product_id1,43
402,A1AACB02-187B-2BD6-6181-B215A93B1B39,product_id1,79
403,A1AACB02-187B-2BD6-6181-B215A93B1B39,product_id2,13
404,A1AACB02-187B-2BD6-6181-B215A93B1B39,product_id3,2
405,6A888487-255B-B546-907E-AC033DA2B841,product_id1,13
406,6A888487-255B-B546-907E-AC033DA2B841,product_id2,17
407,6A888487-255B-B546-907E-AC033DA2B841,product_id3,83
408,D5DA371A-BD48-CFD9-37FC-A5CA45B97B5D,product_id1,7
409,D5DA371A-BD48-CFD9-37FC-A5CA45B97B5D,product_id2,53
410,B4E1213B-8B35-9D9A-DD7D-93EBC7BCD7FF,product_id1,83
411,B4E1213B-8B35-9D9A-DD7D-93EBC7BCD7FF,product_id2,17
412,EE2D8157-D63E-6A91-A363-9CF68B530AD3,product_id1,41
413,EE2D8157-D63E-6A91-A363-9CF68B530AD3,product_id2,1
414,C367DD1C-B8F0-5870-E9CF-9ED298A60A6E,product_id1,43
415,C367DD1C-B8F0-5870-E9CF-9ED298A60A6E,product_id2,97
416,3A4D2D8C-AC59-C2D2-2C36-EAAD62B32B26,product_id1,61
417,3A4D2D8C-AC59-C2D2-2C36-EAAD62B32B26,product_id2,79
418,C1A3EAD1-4BB7-343E-9542-DCB248FA39CE,product_id1,11
419,C1A3EAD1-4BB7-343E-9542-DCB248FA39CE,product_id2,5
420,663844BA-35BA-11C6-FDCD-598E898EEBE8,product_id1,2
421,663844BA-35BA-11C6-FDCD-598E898EEBE8,product_id2,3
422,F4BCAE41-3B8E-EA8D-9C24-466F7CEB9F9A,product_id1,31
423,F4BCAE41-3B8E-EA8D-9C24-466F7CEB9F9A,product_id2,61
424,ABCD2C8D-21D8-2EBB-5A47-E0D7E7A5D64E,product_id1,31
425,ABCD2C8D-21D8-2EBB-5A47-E0D7E7A5D64E,product_id2,43
426,ABCD2C8D-21D8-2EBB-5A47-E0D7E7A5D64E,product_id3,73
427,5640D665-31C1-9BE7-A745-AAAED5D53F72,product_id1,43
428,5640D665-31C1-9BE7-A745-AAAED5D53F72,product_id2,71
429,A31B0B35-6658-6805-353E-88479B3E4FD7,product_id1,79
430,A31B0B35-6658-6805-353E-88479B3E4FD7,product_id2,1
431,A31B0B35-6658-6805-353E-88479B3E4FD7,product_id3,61
432,9E97F534-962D-5B43-9AAA-24533FB7EDBD,product_id1,19
433,9E97F534-962D-5B43-9AAA-24533FB7EDBD,product_id2,3
434,9E97F534-962D-5B43-9AAA-24533FB7EDBD,product_id3,31
435,9E97F534-962D-5B43-9AAA-24533FB7EDBD,product_id4,23
436,1575F87A-E37B-DADD-554C-A99D8E7162A6,product_id1,61
437,1575F87A-E37B-DADD-554C-A99D8E7162A6,product_id2,83
438,1575F87A-E37B-DADD-554C-A99D8E7162A6,product_id3,37
439,CEBC8755-77B1-722D-A899-E86B58B837BC,product_id1,97
440,CEBC8755-77B1-722D-A899-E86B58B837BC,product_id2,67
441,CEBC8755-77B1-722D-A899-E86B58B837BC,product_id3,19
442,E2CCE289-2008-C783-997D-88991918CB38,product_id1,89
443,E2CCE289-2008-C783-997D-88991918CB38,product_id2,79
444,E2CCE289-2008-C783-997D-88991918CB38,product_id3,47
445,3B2D4464-1E9E-D3AE-D837-6E14C69B7BC8,product_id1,23
446,3B2D4464-1E9E-D3AE-D837-6E14C69B7BC8,product_id2,2
447,A92944E6-9C59-141E-3F91-66B3C9EDCC31,product_id1,1
448,A92944E6-9C59-141E-3F91-66B3C9EDCC31,product_id2,29
449,5CB0C889-D096-D327-ADE7-D111E1E6E2BC,product_id1,17
450,5CB0C889-D096-D327-ADE7-D111E1E6E2BC,product_id2,41
451,5CB0C889-D096-D327-ADE7-D111E1E6E2BC,product_id3,67
452,BD440E6D-FC5B-A13F-251E-B745CEB24F04,product_id1,73
453,BD440E6D-FC5B-A13F-251E-B745CEB24F04,product_id2,47
454,BD440E6D-FC5B-A13F-251E-B745CEB24F04,product_id3,19
455,BD440E6D-FC5B-A13F-251E-B745CEB24F04,product_id4,5
456,B62D17A8-456A-A5B2-88DB-25314036778E,product_id1,31
457,B62D17A8-456A-A5B2-88DB-25314036778E,product_id2,3
458,B62D17A8-456A-A5B2-88DB-25314036778E,product_id3,2
459,B62D17A8-456A-A5B2-88DB-25314036778E,product_id4,79
460,87076D11-12E5-5E88-342E-BEDBF6EB1DED,product_id1,41
461,87076D11-12E5-5E88-342E-BEDBF6EB1DED,product_id2,71
462,87076D11-12E5-5E88-342E-BEDBF6EB1DED,product_id3,17
463,1B521826-5860-5A86-5364-6EB6A5CC21B7,product_id1,7
464,5B60F39F-96CC-8C8D-EA01-E658063A8181,product_id1,61
465,5B60F39F-96CC-8C8D-EA01-E658063A8181,product_id2,89
466,5B60F39F-96CC-8C8D-EA01-E658063A8181,product_id3,3
467,9C4B45E7-C159-18E5-DB43-9D6F897775D4,product_id1,89
468,9C4B45E7-C159-18E5-DB43-9D6F897775D4,product_id2,1
469,9C4B45E7-C159-18E5-DB43-9D6F897775D4,product_id3,97
470,2075B12D-69AB-7022-57BB-33ED49B72766,product_id1,23
471,2075B12D-69AB-7022-57BB-33ED49B72766,product_id2,19
472,D39499A3-A9B6-36B9-2B8D-25AF340EDEEB,product_id1,29
473,7EB174C8-192F-1A8D-2F7A-EF688EB5B597,product_id1,3
474,7EB174C8-192F-1A8D-2F7A-EF688EB5B597,product_id2,53
475,7EB174C8-192F-1A8D-2F7A-EF688EB5B597,product_id3,97
476,A8E203DA-9A20-2DA7-29E3-D8559BBECC95,product_id1,71
477,A8E203DA-9A20-2DA7-29E3-D8559BBECC95,product_id2,83
478,A8E203DA-9A20-2DA7-29E3-D8559BBECC95,product_id3,17
479,E73908A2-5945-D5E9-AEC7-2C460A488864,product_id1,23
480,3E495EC1-E1C5-26F1-0E3E-2D13EAA2593A,product_id1,31
481,3E495EC1-E1C5-26F1-0E3E-2D13EAA2593A,product_id2,97
482,3E495EC1-E1C5-26F1-0E3E-2D13EAA2593A,product_id3,17
483,3E495EC1-E1C5-26F1-0E3E-2D13EAA2593A,product_id4,1
484,E2DEC4AA-E02F-8829-DE30-795881675C52,product_id1,59
485,E2DEC4AA-E02F-8829-DE30-795881675C52,product_id2,5
486,E2DEC4AA-E02F-8829-DE30-795881675C52,product_id3,43
487,E2DEC4AA-E02F-8829-DE30-795881675C52,product_id4,83
488,E3911BE6-151C-5FD7-C730-7F69B7841C7B,product_id1,11
489,E3911BE6-151C-5FD7-C730-7F69B7841C7B,product_id2,73
490,C9F594B6-A163-7553-D216-DEAC68EAB680,product_id1,5
491,186F53DE-DE27-B1FE-B82F-15B61CEB7726,product_id1,17
492,186F53DE-DE27-B1FE-B82F-15B61CEB7726,product_id2,37
493,186F53DE-DE27-B1FE-B82F-15B61CEB7726,product_id3,31
494,E2C94327-62EE-9EF1-4D62-B861858AC425,product_id1,13
495,E2C94327-62EE-9EF1-4D62-B861858AC425,product_id2,43
496,E2C94327-62EE-9EF1-4D62-B861858AC425,product_id3,47
497,E2C94327-62EE-9EF1-4D62-B861858AC425,product_id4,73
498,EAE19DC1-C847-6D79-673D-00E7696AC336,product_id1,1
499,FD9CBCCD-8E1E-8DA1-4606-7E3A6F3A5A65,product_id1,37
500,263035AA-8758-E413-8CC4-6D8F81BBF899,product_id1,53
501,263035AA-8758-E413-8CC4-6D8F81BBF899,product_id2,31
502,263035AA-8758-E413-8CC4-6D8F81BBF899,product_id3,83
503,263035AA-8758-E413-8CC4-6D8F81BBF899,product_id4,29
504,1753A288-9FC1-52E6-5C39-A1FFB97B0D3A,product_id1,1
505,1753A288-9FC1-52E6-5C39-A1FFB97B0D3A,product_id2,13
506,1753A288-9FC1-52E6-5C39-A1FFB97B0D3A,product_id3,89
507,1753A288-9FC1-52E6-5C39-A1FFB97B0D3A,product_id4,31
508,59BC588F-9D74-8B8A-A11D-D604A8C086F2,product_id1,7
509,0A476ED9-0C13-1962-F87B-D3563924B539,product_id1,29
510,0A476ED9-0C13-1962-F87B-D3563924B539,product_id2,41
511,0A476ED9-0C13-1962-F87B-D3563924B539,product_id3,11
512,122DC333-E19F-D629-DCD8-9C54CF1EBB9A,product_id1,1
513,122DC333-E19F-D629-DCD8-9C54CF1EBB9A,product_id2,67
514,122DC333-E19F-D629-DCD8-9C54CF1EBB9A,product_id3,19
515,66179D5C-9B8D-5E13-9249-BDC1A35406FC,product_id1,17
516,66179D5C-9B8D-5E13-9249-BDC1A35406FC,product_id2,43
517,A9225721-1D92-9A16-A4B4-751134C5E702,product_id1,41
518,A9225721-1D92-9A16-A4B4-751134C5E702,product_id2,79
519,A14C4361-9AC9-A3E7-7B1B-73BA6A3D23D7,product_id1,89
520,A14C4361-9AC9-A3E7-7B1B-73BA6A3D23D7,product_id2,2
521,A14C4361-9AC9-A3E7-7B1B-73BA6A3D23D7,product_id3,97
522,A14C4361-9AC9-A3E7-7B1B-73BA6A3D23D7,product_id4,37
523,B98FC9AE-1B20-44D3-2C59-EC4D2FE9AE17,product_id1,43
524,D271975D-77F6-485C-4E2D-C43DA27AB787,product_id1,7
525,D271975D-77F6-485C-4E2D-C43DA27AB787,product_id2,59
526,D271975D-77F6-485C-4E2D-C43DA27AB787,product_id3,2
527,E658A8A9-3C3A-3D50-6F5C-2BA9F41DB491,product_id1,2
528,E658A8A9-3C3A-3D50-6F5C-2BA9F41DB491,product_id2,3
529,1C3B3CC4-B919-7616-6A57-EEBDD7B7B68B,product_id1,61
530,1C3B3CC4-B919-7616-6A57-EEBDD7B7B68B,product_id2,67
531,1C3B3CC4-B919-7616-6A57-EEBDD7B7B68B,product_id3,29
532,65F73281-0AC6-CE48-6667-1C8E66159728,product_id1,43
533,65F73281-0AC6-CE48-6667-1C8E66159728,product_id2,37
534,65F73281-0AC6-CE48-6667-1C8E66159728,product_id3,89
535,65F73281-0AC6-CE48-6667-1C8E66159728,product_id4,7
536,802BBC0F-2B3E-0F18-258E-D687B9DDB776,product_id1,41
537,802BBC0F-2B3E-0F18-258E-D687B9DDB776,product_id2,71
538,442713DA-4BE6-132A-51B8-AC44EA6D5839,product_id1,5
539,442713DA-4BE6-132A-51B8-AC44EA6D5839,product_id2,17
540,65A7C3AC-FFFC-3495-95B1-52C38507E523,product_id1,83
541,65A7C3AC-FFFC-3495-95B1-52C38507E523,product_id2,71
542,65A7C3AC-FFFC-3495-95B1-52C38507E523,product_id3,2
543,2585891B-C4C7-075E-358B-B575339E5177,product_id1,79
544,2585891B-C4C7-075E-358B-B575339E5177,product_id2,19
545,2585891B-C4C7-075E-358B-B575339E5177,product_id3,53
546,EB142E61-B4EC-3423-4FE9-6FB2151A3DB5,product_id1,67
547,EB142E61-B4EC-3423-4FE9-6FB2151A3DB5,product_id2,41
548,EB142E61-B4EC-3423-4FE9-6FB2151A3DB5,product_id3,89
549,E69C6E04-0063-3E7C-0676-D1AFC1536B5C,product_id1,29
550,E69C6E04-0063-3E7C-0676-D1AFC1536B5C,product_id2,3
551,E69C6E04-0063-3E7C-0676-D1AFC1536B5C,product_id3,71
552,5BA81852-2D60-169A-805B-E1FA120E9683,product_id1,3
553,5E948202-34BC-F107-29DC-306A2C491A87,product_id1,41
554,5E948202-34BC-F107-29DC-306A2C491A87,product_id2,31
555,7DDED3A7-4845-57C5-8152-30D7376C10DF,product_id1,59
556,7DDED3A7-4845-57C5-8152-30D7376C10DF,product_id2,5
557,7DDED3A7-4845-57C5-8152-30D7376C10DF,product_id3,2
558,33525F74-4864-C19F-7D23-A8D78668B7C4,product_id1,29
559,B03C0BC7-28F4-D474-8928-523B19A93E7C,product_id1,1
560,B03C0BC7-28F4-D474-8928-523B19A93E7C,product_id2,59
561,B03C0BC7-28F4-D474-8928-523B19A93E7C,product_id3,29
562,B03C0BC7-28F4-D474-8928-523B19A93E7C,product_id4,43
563,9D4AB77C-9F51-FD95-EAB4-A37163E6D3E2,product_id1,23
564,A82B7A4A-9176-A612-248B-6BD8D384766D,product_id1,53
565,135267BA-2E7D-957C-C42C-6450A2B3ED54,product_id1,11
566,135267BA-2E7D-957C-C42C-6450A2B3ED54,product_id2,71
567,162C7E78-2B6B-7971-A1E4-D2124E732451,product_id1,89
568,C0343DE8-E34C-4532-BE22-2F2E6BD34D73,product_id1,5
569,C0343DE8-E34C-4532-BE22-2F2E6BD34D73,product_id2,13
570,C0343DE8-E34C-4532-BE22-2F2E6BD34D73,product_id3,67
571,5AB20418-79A8-DF6C-D446-BCF5A48CDEDB,product_id1,13
572,D52157FC-58FC-68E6-91D4-CCB11178F8AC,product_id1,19
573,D52157FC-58FC-68E6-91D4-CCB11178F8AC,product_id2,1
574,D52157FC-58FC-68E6-91D4-CCB11178F8AC,product_id3,29
575,D52157FC-58FC-68E6-91D4-CCB11178F8AC,product_id4,97
576,43CDD853-0EC5-439D-8A4E-0D811A4A83BD,product_id1,17
577,43CDD853-0EC5-439D-8A4E-0D811A4A83BD,product_id2,67
578,1EA2B262-D507-AD14-4374-4D532967113F,product_id1,23
579,1EA2B262-D507-AD14-4374-4D532967113F,product_id2,31
580,1EA2B262-D507-AD14-4374-4D532967113F,product_id3,1
581,A095D2D2-BE1A-6673-3369-5951992C967B,product_id1,2
582,A095D2D2-BE1A-6673-3369-5951992C967B,product_id2,71
583,A095D2D2-BE1A-6673-3369-5951992C967B,product_id3,23
584,A095D2D2-BE1A-6673-3369-5951992C967B,product_id4,13
585,FAC76A80-8448-69AA-E892-426C2F12621C,product_id1,79
586,FAC76A80-8448-69AA-E892-426C2F12621C,product_id2,41
587,FAC76A80-8448-69AA-E892-426C2F12621C,product_id3,7
588,85362E53-765A-FFD1-585C-18DA6D644B38,product_id1,79
589,85362E53-765A-FFD1-585C-18DA6D644B38,product_id2,61
590,85362E53-765A-FFD1-585C-18DA6D644B38,product_id3,5
591,75DB5267-8C65-77D2-26BA-F5F3BD39C874,product_id1,19
592,75DB5267-8C65-77D2-26BA-F5F3BD39C874,product_id2,79
593,75DB5267-8C65-77D2-26BA-F5F3BD39C874,product_id3,97
594,E18C0E42-B95F-11EC-4A78-4EECBF79E8B6,product_id1,43
595,E18C0E42-B95F-11EC-4A78-4EECBF79E8B6,product_id2,73
596,A89CF3B1-ABAB-63E4-220B-3549EB570544,product_id1,83
597,A89CF3B1-ABAB-63E4-220B-3549EB570544,product_id2,73
598,69775872-8509-62C6-FCBC-ECFB6D7D847F,product_id1,3
599,69775872-8509-62C6-FCBC-ECFB6D7D847F,product_id2,53
600,69775872-8509-62C6-FCBC-ECFB6D7D847F,product_id3,31
601,649EF79F-4A7E-BCE8-07EF-243030BE5787,product_id1,53
602,649EF79F-4A7E-BCE8-07EF-243030BE5787,product_id2,47
603,D1573887-B075-C061-BEE5-FDEB8AC7B74F,product_id1,61
604,D1573887-B075-C061-BEE5-FDEB8AC7B74F,product_id2,37
605,D1573887-B075-C061-BEE5-FDEB8AC7B74F,product_id3,41
606,1BC3AC28-04FB-7015-D93A-422C9A68528D,product_id1,61
607,1BC3AC28-04FB-7015-D93A-422C9A68528D,product_id2,23
608,BEC27123-5319-528A-52CB-33933AEC1724,product_id1,67
609,BEC27123-5319-528A-52CB-33933AEC1724,product_id2,59
610,4A0149B2-B1A1-D766-49A1-86BA9517EA07,product_id1,53
611,4A0149B2-B1A1-D766-49A1-86BA9517EA07,product_id2,47
612,3E18E43B-892B-F520-6B38-3A177E27BD19,product_id1,59
613,3E18E43B-892B-F520-6B38-3A177E27BD19,product_id2,43
614,3E18E43B-892B-F520-6B38-3A177E27BD19,product_id3,13
615,70152729-0350-F99C-D057-EF42857AA849,product_id1,73
616,70152729-0350-F99C-D057-EF42857AA849,product_id2,2
617,6434A591-C914-3A5A-A9B5-689653768EC8,product_id1,67
618,1A6CECFB-2E3A-65A3-72D9-2FDB58A1E4BA,product_id1,7
619,1A6CECFB-2E3A-65A3-72D9-2FDB58A1E4BA,product_id2,23
620,1A6CECFB-2E3A-65A3-72D9-2FDB58A1E4BA,product_id3,2
621,1A6CECFB-2E3A-65A3-72D9-2FDB58A1E4BA,product_id4,1
622,EA06C211-5A86-C9A8-7CA3-C84D266D4B62,product_id1,13
623,EA06C211-5A86-C9A8-7CA3-C84D266D4B62,product_id2,71
624,EA06C211-5A86-C9A8-7CA3-C84D266D4B62,product_id3,37
625,EA06C211-5A86-C9A8-7CA3-C84D266D4B62,product_id4,29
626,E4F6CCEB-CBC0-67F9-D8FA-84417070C642,product_id1,53
627,756BC84B-7652-561D-07A6-E6A5612825D3,product_id1,5
628,B7626077-B74D-45A8-E3EB-EF331AA53ED8,product_id1,79
629,CA515AD3-5A34-6966-073E-1D231CE56678,product_id1,2
630,1ED7A10C-3D78-18C5-483D-8FFE72CB8D58,product_id1,3
631,1ED7A10C-3D78-18C5-483D-8FFE72CB8D58,product_id2,43
632,AA1C1C48-FF62-DE8E-AF15-B183B5BD166D,product_id1,71
633,AA1C1C48-FF62-DE8E-AF15-B183B5BD166D,product_id2,17
634,AA1C1C48-FF62-DE8E-AF15-B183B5BD166D,product_id3,3
635,F55B3CE1-3379-E0BF-5AB9-6F4CC2C5479C,product_id1,37
636,6D891688-E9DE-C3CC-6AE0-B171C08A37D7,product_id1,61
637,6D891688-E9DE-C3CC-6AE0-B171C08A37D7,product_id2,89
638,6D891688-E9DE-C3CC-6AE0-B171C08A37D7,product_id3,37
639,6D891688-E9DE-C3CC-6AE0-B171C08A37D7,product_id4,47
640,B0597154-5E41-5A87-4B0E-A8E57353C5E8,product_id1,41
641,5458A436-88C5-7CBD-CEB6-8A4545B12CCA,product_id1,1
642,5458A436-88C5-7CBD-CEB6-8A4545B12CCA,product_id2,29
643,5458A436-88C5-7CBD-CEB6-8A4545B12CCA,product_id3,23
644,5458A436-88C5-7CBD-CEB6-8A4545B12CCA,product_id4,13
645,BF10E3BA-63C3-FAC2-BAE8-D82186EC7A9A,product_id1,47
646,BF10E3BA-63C3-FAC2-BAE8-D82186EC7A9A,product_id2,67
647,BF10E3BA-63C3-FAC2-BAE8-D82186EC7A9A,product_id3,53
648,59C85B8E-4CE0-B66B-4B5D-3A557324E6A9,product_id1,41
649,59C85B8E-4CE0-B66B-4B5D-3A557324E6A9,product_id2,13
650,59C85B8E-4CE0-B66B-4B5D-3A557324E6A9,product_id3,37
651,59C85B8E-4CE0-B66B-4B5D-3A557324E6A9,product_id4,7
652,3A3B4A86-14FC-D9B3-164A-21542B509E1D,product_id1,19
653,3A3B4A86-14FC-D9B3-164A-21542B509E1D,product_id2,73
654,E308729C-4A62-08C9-45C6-58C9479D4626,product_id1,89
655,E308729C-4A62-08C9-45C6-58C9479D4626,product_id2,1
656,9C11DE85-F985-D119-4664-15D448C5E913,product_id1,19
657,9C11DE85-F985-D119-4664-15D448C5E913,product_id2,29
658,9C11DE85-F985-D119-4664-15D448C5E913,product_id3,13
659,F233E386-5A74-63B3-8111-09FC9BA38011,product_id1,53
660,F233E386-5A74-63B3-8111-09FC9BA38011,product_id2,11
661,F233E386-5A74-63B3-8111-09FC9BA38011,product_id3,37
662,B86A5793-A474-8B73-EB69-63FDD4809AC4,product_id1,41
663,B86A5793-A474-8B73-EB69-63FDD4809AC4,product_id2,53
664,B86A5793-A474-8B73-EB69-63FDD4809AC4,product_id3,2
665,5E47EB85-1F76-1853-839F-94FCF9A95700,product_id1,19
666,5E47EB85-1F76-1853-839F-94FCF9A95700,product_id2,11
667,5E47EB85-1F76-1853-839F-94FCF9A95700,product_id3,61
668,17B43AB2-DD7D-96C4-2C7D-1989F119A1CB,product_id1,29
669,17B43AB2-DD7D-96C4-2C7D-1989F119A1CB,product_id2,11
670,9B7D1DBC-1A36-4DBA-BB0F-CD7616DE3C4B,product_id1,73
671,9B7D1DBC-1A36-4DBA-BB0F-CD7616DE3C4B,product_id2,53
672,9B7D1DBC-1A36-4DBA-BB0F-CD7616DE3C4B,product_id3,79
673,74AAB47D-9528-DAF4-D7A8-AC94C74F6997,product_id1,97
674,E1880EA8-64B2-9C7C-E626-D159343555D8,product_id1,47
675,E1880EA8-64B2-9C7C-E626-D159343555D8,product_id2,71
676,E1880EA8-64B2-9C7C-E626-D159343555D8,product_id3,23
677,71D61251-11D7-99AE-4465-8E21777B5B91,product_id1,59
678,A483C535-9E4F-6D72-D568-B496DAB0DE56,product_id1,71
679,A483C535-9E4F-6D72-D568-B496DAB0DE56,product_id2,73
680,9A58B3E0-1E27-94E2-6487-9A63F07BC833,product_id1,17
681,9A58B3E0-1E27-94E2-6487-9A63F07BC833,product_id2,97
682,D616D488-341E-C82E-5137-12B8B0E79C77,product_id1,79
683,D616D488-341E-C82E-5137-12B8B0E79C77,product_id2,73
684,D616D488-341E-C82E-5137-12B8B0E79C77,product_id3,41
685,873581C1-A079-1277-694F-4E735E854AC9,product_id1,2
686,873581C1-A079-1277-694F-4E735E854AC9,product_id2,47
687,873581C1-A079-1277-694F-4E735E854AC9,product_id3,53
688,873581C1-A079-1277-694F-4E735E854AC9,product_id4,17
689,E95B26BA-2466-6ECB-81D4-57CB6225AB78,product_id1,3
690,E95B26BA-2466-6ECB-81D4-57CB6225AB78,product_id2,83
691,1822A630-4B6E-DABC-2576-6EC107FA15C2,product_id1,23
692,1822A630-4B6E-DABC-2576-6EC107FA15C2,product_id2,67
693,1822A630-4B6E-DABC-2576-6EC107FA15C2,product_id3,97
694,6EECB866-887D-FC95-E094-45DB4943B515,product_id1,43
695,6EECB866-887D-FC95-E094-45DB4943B515,product_id2,79
696,6EECB866-887D-FC95-E094-45DB4943B515,product_id3,23
697,8D5C52B9-42BE-480C-359E-CE36E1916D19,product_id1,61
698,8D5C52B9-42BE-480C-359E-CE36E1916D19,product_id2,13
699,8D5C52B9-42BE-480C-359E-CE36E1916D19,product_id3,2
700,6987DFDB-C49A-A1C3-7236-4258332C794C,product_id1,53
701,6987DFDB-C49A-A1C3-7236-4258332C794C,product_id2,59
702,6987DFDB-C49A-A1C3-7236-4258332C794C,product_id3,43
703,35F284A2-5028-6DB8-A631-78B7981716C2,product_id1,37
704,35F284A2-5028-6DB8-A631-78B7981716C2,product_id2,67
705,35F284A2-5028-6DB8-A631-78B7981716C2,product_id3,31
706,3B37BE91-420F-4361-238A-3C5A42B998F7,product_id1,37
707,BED35659-8521-645B-95C5-F58B732FA6C0,product_id1,83
708,BED35659-8521-645B-95C5-F58B732FA6C0,product_id2,53
709,BED35659-8521-645B-95C5-F58B732FA6C0,product_id3,97
710,6ADF86D5-DD32-BC6F-D157-8C836F5BEF67,product_id1,1
711,241827A6-E87C-6DA3-5AC9-BBCFD42B7D2A,product_id1,97
712,241827A6-E87C-6DA3-5AC9-BBCFD42B7D2A,product_id2,83
713,241827A6-E87C-6DA3-5AC9-BBCFD42B7D2A,product_id3,3
714,D20BBC5C-8161-1D3B-E15D-243D51B563B6,product_id1,61
715,14CAE5B5-8FB1-3E4A-4C85-0EA4167534F4,product_id1,2
716,14CAE5B5-8FB1-3E4A-4C85-0EA4167534F4,product_id2,13
717,14CAE5B5-8FB1-3E4A-4C85-0EA4167534F4,product_id3,53
718,14CAE5B5-8FB1-3E4A-4C85-0EA4167534F4,product_id4,31
719,9CEA5069-EEDB-11BB-F8DE-9E8585CA56B8,product_id1,73
720,DD760F36-BB02-83DC-69A9-E24D736E30D1,product_id1,53
721,DD760F36-BB02-83DC-69A9-E24D736E30D1,product_id2,23
722,DD760F36-BB02-83DC-69A9-E24D736E30D1,product_id3,79
723,DD760F36-BB02-83DC-69A9-E24D736E30D1,product_id4,43
724,D8357216-2798-76CA-6C49-45BEC2E8C6BB,product_id1,53
725,FE809ED4-2DB6-55AC-C915-929516E4646B,product_id1,23
726,FE809ED4-2DB6-55AC-C915-929516E4646B,product_id2,43
727,6BB61B4B-EBD8-84AD-EED7-882D166A7A1E,product_id1,19
728,6BB61B4B-EBD8-84AD-EED7-882D166A7A1E,product_id2,59
729,6BB61B4B-EBD8-84AD-EED7-882D166A7A1E,product_id3,61
730,6BB61B4B-EBD8-84AD-EED7-882D166A7A1E,product_id4,83
731,158A3ACB-541C-DBCC-65BD-6373CC67BF1C,product_id1,13
732,158A3ACB-541C-DBCC-65BD-6373CC67BF1C,product_id2,41
733,158A3ACB-541C-DBCC-65BD-6373CC67BF1C,product_id3,89
734,158A3ACB-541C-DBCC-65BD-6373CC67BF1C,product_id4,71
735,83A1AA60-721D-6CB6-9857-E794C6EACDF8,product_id1,29
736,83A1AA60-721D-6CB6-9857-E794C6EACDF8,product_id2,79
737,C88532CB-7A60-CE22-AFD3-6A8B641C8D7C,product_id1,19
738,8A5C0729-BEB4-C999-C36A-A3AC7A0C7B8E,product_id1,31
739,A6240105-79C6-DD54-28A1-0164B6CE6767,product_id1,47
740,A6240105-79C6-DD54-28A1-0164B6CE6767,product_id2,67
741,A6240105-79C6-DD54-28A1-0164B6CE6767,product_id3,53
742,65F57592-B32E-1D2E-3466-57D7F1691D0D,product_id1,67
743,65F57592-B32E-1D2E-3466-57D7F1691D0D,product_id2,73
744,65F57592-B32E-1D2E-3466-57D7F1691D0D,product_id3,7
745,18C4E2DD-1E4C-F35E-2198-C660BD81DC25,product_id1,61
746,18C4E2DD-1E4C-F35E-2198-C660BD81DC25,product_id2,53
747,18C4E2DD-1E4C-F35E-2198-C660BD81DC25,product_id3,97
748,18C4E2DD-1E4C-F35E-2198-C660BD81DC25,product_id4,31
749,75CCE66C-1C7B-8777-4419-467AD80B77C1,product_id1,2
750,3A3E00C1-C191-02EF-AD8E-42C9DA644E4A,product_id1,3
751,3A3E00C1-C191-02EF-AD8E-42C9DA644E4A,product_id2,2
752,3A3E00C1-C191-02EF-AD8E-42C9DA644E4A,product_id3,67
753,BB19787C-ACBC-786D-FA21-3C1C73B3027B,product_id1,41
754,18CCBA7C-ABC1-813D-FAF3-4BAB97429368,product_id1,83
755,18CCBA7C-ABC1-813D-FAF3-4BAB97429368,product_id2,97
756,18CCBA7C-ABC1-813D-FAF3-4BAB97429368,product_id3,23
757,18CCBA7C-ABC1-813D-FAF3-4BAB97429368,product_id4,71
758,1717FD6B-ADAD-7082-A748-9112BE892CCC,product_id1,2
759,1717FD6B-ADAD-7082-A748-9112BE892CCC,product_id2,5
760,BF0BA28B-355D-412E-089C-B152516DC965,product_id1,13
761,BF0BA28B-355D-412E-089C-B152516DC965,product_id2,61
762,BF0BA28B-355D-412E-089C-B152516DC965,product_id3,23
763,BF0BA28B-355D-412E-089C-B152516DC965,product_id4,3
764,0466A42E-47CF-8D24-FD01-C0B689713128,product_id1,47
765,0466A42E-47CF-8D24-FD01-C0B689713128,product_id2,97
766,0466A42E-47CF-8D24-FD01-C0B689713128,product_id3,43
767,6AAA5BDC-C19A-82CC-EF22-70DEE21ACF9E,product_id1,2
768,6AAA5BDC-C19A-82CC-EF22-70DEE21ACF9E,product_id2,11
769,6AAA5BDC-C19A-82CC-EF22-70DEE21ACF9E,product_id3,67
770,CA264293-D392-1E21-1BCA-16CEA88D875A,product_id1,89
771,CA264293-D392-1E21-1BCA-16CEA88D875A,product_id2,61
772,CA264293-D392-1E21-1BCA-16CEA88D875A,product_id3,11
773,CA264293-D392-1E21-1BCA-16CEA88D875A,product_id4,97
774,D9B9435F-D55B-BA72-4E66-D8A9E3DC62C0,product_id1,61
775,D9B9435F-D55B-BA72-4E66-D8A9E3DC62C0,product_id2,43
776,34AA1D64-2989-DE1C-8705-C66C8DDB19DD,product_id1,13
777,34AA1D64-2989-DE1C-8705-C66C8DDB19DD,product_id2,97
778,34AA1D64-2989-DE1C-8705-C66C8DDB19DD,product_id3,37
779,C0B617A7-A5B1-AF49-C9A2-8112974C4957,product_id1,43
780,C0B617A7-A5B1-AF49-C9A2-8112974C4957,product_id2,17
781,C0B617A7-A5B1-AF49-C9A2-8112974C4957,product_id3,73
782,C0B617A7-A5B1-AF49-C9A2-8112974C4957,product_id4,23
783,E13D8D35-982C-927A-7CBC-ED425AED80F9,product_id1,47
784,E13D8D35-982C-927A-7CBC-ED425AED80F9,product_id2,53
785,1B117D49-936C-BA6C-E94B-30C3293AA239,product_id1,59
786,1B117D49-936C-BA6C-E94B-30C3293AA239,product_id2,83
787,7622460B-29BE-594C-8D14-D73DEAD91B94,product_id1,43
788,7622460B-29BE-594C-8D14-D73DEAD91B94,product_id2,37
789,7622460B-29BE-594C-8D14-D73DEAD91B94,product_id3,7
790,F5ACD74B-4275-5AA1-2414-6EF417636B98,product_id1,1
791,F5ACD74B-4275-5AA1-2414-6EF417636B98,product_id2,97
792,F5ACD74B-4275-5AA1-2414-6EF417636B98,product_id3,3
793,6CB65FA4-6A8E-0C33-BFB7-2E8E4A775E4B,product_id1,71
794,6CB65FA4-6A8E-0C33-BFB7-2E8E4A775E4B,product_id2,11
795,6CB65FA4-6A8E-0C33-BFB7-2E8E4A775E4B,product_id3,97
796,6CB65FA4-6A8E-0C33-BFB7-2E8E4A775E4B,product_id4,1
797,BEBBC256-9696-1AAB-2C73-D2F3775301A9,product_id1,59
798,BEBBC256-9696-1AAB-2C73-D2F3775301A9,product_id2,53
799,DD4011AE-136E-9F62-EEA0-3E0D088E4455,product_id1,59
800,DD4011AE-136E-9F62-EEA0-3E0D088E4455,product_id2,2
801,DD4011AE-136E-9F62-EEA0-3E0D088E4455,product_id3,31
802,5218E51C-E258-BFA4-BE23-AF815F66FAF8,product_id1,31
803,5218E51C-E258-BFA4-BE23-AF815F66FAF8,product_id2,67
804,5218E51C-E258-BFA4-BE23-AF815F66FAF8,product_id3,97
805,62A399E3-0FDD-2E65-5A95-21D8C59C33DC,product_id1,67
806,62A399E3-0FDD-2E65-5A95-21D8C59C33DC,product_id2,1
807,62A399E3-0FDD-2E65-5A95-21D8C59C33DC,product_id3,2
808,E1A3E48E-E1B4-1E36-FE2F-C4E5A3743779,product_id1,23
809,E1A3E48E-E1B4-1E36-FE2F-C4E5A3743779,product_id2,67
810,E1A3E48E-E1B4-1E36-FE2F-C4E5A3743779,product_id3,37
811,19E1EC3E-2119-1EFD-8AAE-5930D4A4E63F,product_id1,83
812,19E1EC3E-2119-1EFD-8AAE-5930D4A4E63F,product_id2,11
813,19E1EC3E-2119-1EFD-8AAE-5930D4A4E63F,product_id3,5
814,34368DE0-D181-1B5C-6698-8DF585C06421,product_id1,61
815,34368DE0-D181-1B5C-6698-8DF585C06421,product_id2,11
816,FCE2AB9A-271D-2BDC-9E49-8DD92A373391,product_id1,59
817,FCE2AB9A-271D-2BDC-9E49-8DD92A373391,product_id2,5
818,FCE2AB9A-271D-2BDC-9E49-8DD92A373391,product_id3,41
819,FCE2AB9A-271D-2BDC-9E49-8DD92A373391,product_id4,37
820,DFEC1C7F-38E1-2AAC-ACD9-7985DB48C31D,product_id1,13
821,9E14CE6E-A32B-E693-2D42-F12C6DEB4308,product_id1,3
822,2C9A4725-4B19-621C-4EE4-AE9E31CFE5B0,product_id1,73
823,82406B7B-C498-4FF2-517A-F9A9E3BABF41,product_id1,1
824,82406B7B-C498-4FF2-517A-F9A9E3BABF41,product_id2,2
825,82406B7B-C498-4FF2-517A-F9A9E3BABF41,product_id3,7
826,369213C7-BD65-0715-6644-D5E4F9BD9914,product_id1,23
827,369213C7-BD65-0715-6644-D5E4F9BD9914,product_id2,19
828,369213C7-BD65-0715-6644-D5E4F9BD9914,product_id3,41
829,726E5247-EC79-A415-3409-16A666404C6A,product_id1,41
830,726E5247-EC79-A415-3409-16A666404C6A,product_id2,61
831,726E5247-EC79-A415-3409-16A666404C6A,product_id3,1
832,C40174D7-1EBC-29B2-2F70-53236CA24369,product_id1,67
833,C40174D7-1EBC-29B2-2F70-53236CA24369,product_id2,83
834,C40174D7-1EBC-29B2-2F70-53236CA24369,product_id3,59
835,BC9E5393-485B-418E-6E9C-CB454E934224,product_id1,79
836,BC9E5393-485B-418E-6E9C-CB454E934224,product_id2,31
837,BA1BE1BA-AAC8-FD6C-3C74-A77E375AE85D,product_id1,41
838,BA1BE1BA-AAC8-FD6C-3C74-A77E375AE85D,product_id2,7
839,41932C77-45B5-C786-6B3F-DBB619B2D535,product_id1,89
840,EC8D77B4-5570-7DC6-3DE9-E46A861A7479,product_id1,89
841,EC8D77B4-5570-7DC6-3DE9-E46A861A7479,product_id2,17
842,45CA3E45-6B42-CAC4-7683-EBB69D523B3E,product_id1,41
843,45CA3E45-6B42-CAC4-7683-EBB69D523B3E,product_id2,89
844,DF588D4E-F11B-CDA9-0C85-49127C7F4D01,product_id1,23
845,DF588D4E-F11B-CDA9-0C85-49127C7F4D01,product_id2,47
846,DF588D4E-F11B-CDA9-0C85-49127C7F4D01,product_id3,2
847,41C13F08-471E-D475-3E14-760DF3F79B42,product_id1,3
848,41C13F08-471E-D475-3E14-760DF3F79B42,product_id2,19
849,3ED634C2-01CA-D6E9-2DBD-24B53A7912F7,product_id1,37
850,3ED634C2-01CA-D6E9-2DBD-24B53A7912F7,product_id2,23
851,3ED634C2-01CA-D6E9-2DBD-24B53A7912F7,product_id3,61
852,3ED634C2-01CA-D6E9-2DBD-24B53A7912F7,product_id4,3
853,ED9CCFC6-33C8-D6A9-731F-B762DFF1659E,product_id1,71
854,ED9CCFC6-33C8-D6A9-731F-B762DFF1659E,product_id2,23
855,ED9CCFC6-33C8-D6A9-731F-B762DFF1659E,product_id3,53
856,89A34935-2145-B045-3ED0-1FFAB39DDA32,product_id1,23
857,89A34935-2145-B045-3ED0-1FFAB39DDA32,product_id2,1
858,C655DD05-66BB-282B-2234-EB6345C625E4,product_id1,53
859,1479B3D2-B7BA-C7BB-4CE3-8D7C2DE85ABB,product_id1,89
860,1479B3D2-B7BA-C7BB-4CE3-8D7C2DE85ABB,product_id2,41
861,1479B3D2-B7BA-C7BB-4CE3-8D7C2DE85ABB,product_id3,59
862,E8A862CE-AC8B-A489-620C-DDD7FEB16AA2,product_id1,1
863,E8A862CE-AC8B-A489-620C-DDD7FEB16AA2,product_id2,47
864,E8A862CE-AC8B-A489-620C-DDD7FEB16AA2,product_id3,67
865,E8A862CE-AC8B-A489-620C-DDD7FEB16AA2,product_id4,89
866,1B636B58-A2E8-7C69-D9C9-C54535DAFD3B,product_id1,53
867,AC272DC8-737D-FBB0-548A-B09582C1C00F,product_id1,47
868,4217E857-1D51-5D25-B645-EC24D23C8759,product_id1,7
869,4217E857-1D51-5D25-B645-EC24D23C8759,product_id2,83
870,4217E857-1D51-5D25-B645-EC24D23C8759,product_id3,67
871,4217E857-1D51-5D25-B645-EC24D23C8759,product_id4,89
872,4B74B94B-D123-7C7E-A9CE-7DA26F911F55,product_id1,53
873,4B74B94B-D123-7C7E-A9CE-7DA26F911F55,product_id2,3
874,4B74B94B-D123-7C7E-A9CE-7DA26F911F55,product_id3,47
875,D1389977-A7AD-1B56-1DE4-E2E94741D40C,product_id1,1
876,D1389977-A7AD-1B56-1DE4-E2E94741D40C,product_id2,5
877,239B8576-6C0E-137A-C2F6-3180A188A2D3,product_id1,89
878,239B8576-6C0E-137A-C2F6-3180A188A2D3,product_id2,53
879,239B8576-6C0E-137A-C2F6-3180A188A2D3,product_id3,41
880,85C562AB-DC50-8E93-3D86-47B1B751A851,product_id1,79
881,85C562AB-DC50-8E93-3D86-47B1B751A851,product_id2,67
882,65DB2765-E85D-2B74-2BDA-A8AEFD248928,product_id1,47
883,65DB2765-E85D-2B74-2BDA-A8AEFD248928,product_id2,11
884,65DB2765-E85D-2B74-2BDA-A8AEFD248928,product_id3,71
885,A4848E54-0F7C-7164-6C3F-631F96747C52,product_id1,47
886,A4848E54-0F7C-7164-6C3F-631F96747C52,product_id2,71
887,A4848E54-0F7C-7164-6C3F-631F96747C52,product_id3,31
888,5F4738BE-B392-A2E2-1E8E-C4A812C6A95C,product_id1,97
889,BCD57868-7187-DB86-BAE1-EB3E6EEC3B48,product_id1,79
890,BCD57868-7187-DB86-BAE1-EB3E6EEC3B48,product_id2,83
891,20418DE5-B804-BE9B-BD7A-A95C1BFDBF5C,product_id1,89
892,20418DE5-B804-BE9B-BD7A-A95C1BFDBF5C,product_id2,13
893,3142C93E-B3B7-49E4-EE2D-29CA834B198D,product_id1,29
894,3142C93E-B3B7-49E4-EE2D-29CA834B198D,product_id2,43
895,BB611D65-521D-E30F-94C8-1CD1EDE9CC28,product_id1,59
896,BB611D65-521D-E30F-94C8-1CD1EDE9CC28,product_id2,7
897,981D2677-9924-A1A0-8A23-2AE7E988A7B7,product_id1,3
898,981D2677-9924-A1A0-8A23-2AE7E988A7B7,product_id2,17
899,41EC591D-808E-D85C-F05F-08BC3DE7A618,product_id1,17
900,41EC591D-808E-D85C-F05F-08BC3DE7A618,product_id2,11
901,41EC591D-808E-D85C-F05F-08BC3DE7A618,product_id3,19
902,41EC591D-808E-D85C-F05F-08BC3DE7A618,product_id4,7
903,3578688E-7B1D-B887-3BC7-20B8673AA31E,product_id1,41
904,3578688E-7B1D-B887-3BC7-20B8673AA31E,product_id2,13
905,3578688E-7B1D-B887-3BC7-20B8673AA31E,product_id3,2
906,152598C2-029D-D684-4B66-91EDF393EBFF,product_id1,23
907,152598C2-029D-D684-4B66-91EDF393EBFF,product_id2,97
908,267C4A86-7BA7-1C5E-0718-2824983C87DD,product_id1,17
909,267C4A86-7BA7-1C5E-0718-2824983C87DD,product_id2,47
910,267C4A86-7BA7-1C5E-0718-2824983C87DD,product_id3,29
911,267C4A86-7BA7-1C5E-0718-2824983C87DD,product_id4,67
912,3FEC4131-9BED-2EA6-1776-82674C80DDBB,product_id1,71
913,3FEC4131-9BED-2EA6-1776-82674C80DDBB,product_id2,17
914,3FEC4131-9BED-2EA6-1776-82674C80DDBB,product_id3,83
915,8EEDAC97-5D5C-8649-B476-2F9D9FC28F80,product_id1,59
916,B5C49D11-1D34-4B90-209F-803CBA1CE91F,product_id1,43
917,B5C49D11-1D34-4B90-209F-803CBA1CE91F,product_id2,67
918,634E63C6-C2D6-EC48-4CCF-6B4A60AAEEB7,product_id1,19
919,634E63C6-C2D6-EC48-4CCF-6B4A60AAEEB7,product_id2,1
920,83E6BA9E-E737-37D0-5385-585F1B8A318B,product_id1,89
921,83E6BA9E-E737-37D0-5385-585F1B8A318B,product_id2,1
922,83E6BA9E-E737-37D0-5385-585F1B8A318B,product_id3,53
923,8EECB926-0A27-9A3A-D0A8-B8FDBC0F8A75,product_id1,67
924,8EECB926-0A27-9A3A-D0A8-B8FDBC0F8A75,product_id2,37
925,9D38BED9-558B-EF5A-E4B3-C9668587A15B,product_id1,67
926,9D38BED9-558B-EF5A-E4B3-C9668587A15B,product_id2,2
927,9D38BED9-558B-EF5A-E4B3-C9668587A15B,product_id3,47
928,EE8ED5A8-CEC8-9387-524C-A911BB473C1F,product_id1,19
929,4D8E4891-1711-7D30-E4CB-645A8DF59A43,product_id1,47
930,4D8E4891-1711-7D30-E4CB-645A8DF59A43,product_id2,89
931,4D8E4891-1711-7D30-E4CB-645A8DF59A43,product_id3,67
932,4D8E4891-1711-7D30-E4CB-645A8DF59A43,product_id4,5
933,B3E58105-C56C-816E-C133-8F2D7940B0E4,product_id1,2
934,B3E58105-C56C-816E-C133-8F2D7940B0E4,product_id2,79
935,B3E58105-C56C-816E-C133-8F2D7940B0E4,product_id3,59
936,391E1CFD-D653-E45B-A729-F2EB93247B58,product_id1,83
937,391E1CFD-D653-E45B-A729-F2EB93247B58,product_id2,61
938,3C4D7C2A-A402-B941-625A-D64CA53526E8,product_id1,23
939,3C4D7C2A-A402-B941-625A-D64CA53526E8,product_id2,17
940,360C7814-F7AF-B43A-0946-AB38D2683C86,product_id1,7
941,360C7814-F7AF-B43A-0946-AB38D2683C86,product_id2,19
942,360C7814-F7AF-B43A-0946-AB38D2683C86,product_id3,79
943,B220187A-2A9C-0384-EEA1-DD917F11C94F,product_id1,53
944,A4534186-6CA4-E81C-26E1-896861685ED9,product_id1,37
945,A4534186-6CA4-E81C-26E1-896861685ED9,product_id2,29
946,A324A47C-7E94-548E-E352-7BD8671E41B3,product_id1,7
947,A324A47C-7E94-548E-E352-7BD8671E41B3,product_id2,3
948,A324A47C-7E94-548E-E352-7BD8671E41B3,product_id3,2
949,9281A912-BC56-8905-9279-FC8BDE2185F6,product_id1,7
950,9281A912-BC56-8905-9279-FC8BDE2185F6,product_id2,19
951,9833DD1C-702C-A8A7-FBA6-ABCA470DF7BE,product_id1,79
952,9833DD1C-702C-A8A7-FBA6-ABCA470DF7BE,product_id2,97
953,9833DD1C-702C-A8A7-FBA6-ABCA470DF7BE,product_id3,17
954,D95F1CB4-2844-66D2-3958-E4E6EFC36A75,product_id1,47
955,D95F1CB4-2844-66D2-3958-E4E6EFC36A75,product_id2,89
956,DD9B60B0-D1BC-F993-4DE8-5A247ADCD734,product_id1,2
957,DD9B60B0-D1BC-F993-4DE8-5A247ADCD734,product_id2,23
958,71CB87BE-F93E-4877-DF6D-1BD3B312ED29,product_id1,5
959,71CB87BE-F93E-4877-DF6D-1BD3B312ED29,product_id2,59
960,84B8ECA6-A786-91C0-C973-8B730565BFA3,product_id1,11
961,84B8ECA6-A786-91C0-C973-8B730565BFA3,product_id2,71
962,84B8ECA6-A786-91C0-C973-8B730565BFA3,product_id3,17
963,61EC87A4-CF88-B392-F83B-75E7F2C93537,product_id1,89
964,61EC87A4-CF88-B392-F83B-75E7F2C93537,product_id2,53
965,BA338D01-C4D1-6F43-DDF8-5EC8C8B8384B,product_id1,53
966,BA338D01-C4D1-6F43-DDF8-5EC8C8B8384B,product_id2,97
967,BA338D01-C4D1-6F43-DDF8-5EC8C8B8384B,product_id3,73
968,BA338D01-C4D1-6F43-DDF8-5EC8C8B8384B,product_id4,2
969,49CD105D-E569-3733-C8C8-3908ED7E1838,product_id1,43
970,7D0819EC-7363-6767-36C0-97C7E77D5E65,product_id1,97
971,7D0819EC-7363-6767-36C0-97C7E77D5E65,product_id2,79
972,7D0819EC-7363-6767-36C0-97C7E77D5E65,product_id3,67
973,8C5C40B3-3988-EE44-126E-18147A9E62D2,product_id1,37
974,8C5C40B3-3988-EE44-126E-18147A9E62D2,product_id2,11
975,8C5C40B3-3988-EE44-126E-18147A9E62D2,product_id3,2
976,8C5C40B3-3988-EE44-126E-18147A9E62D2,product_id4,3
977,9A993DCE-716B-D784-9192-285C2A490AE8,product_id1,61
978,9A993DCE-716B-D784-9192-285C2A490AE8,product_id2,11
979,9A993DCE-716B-D784-9192-285C2A490AE8,product_id3,23
980,51A4866C-484C-5529-8419-B7BBAD4E294D,product_id1,5
981,51A4866C-484C-5529-8419-B7BBAD4E294D,product_id2,23
982,51A4866C-484C-5529-8419-B7BBAD4E294D,product_id3,37
983,CEED5D49-B28F-49A6-E967-9E7F74864190,product_id1,19
984,CEED5D49-B28F-49A6-E967-9E7F74864190,product_id2,71
985,CEED5D49-B28F-49A6-E967-9E7F74864190,product_id3,41
986,F843DC08-CCB5-2444-1B4E-5966289FBA8B,product_id1,7
987,F843DC08-CCB5-2444-1B4E-5966289FBA8B,product_id2,53
988,F843DC08-CCB5-2444-1B4E-5966289FBA8B,product_id3,37
989,F85A7D75-2778-9D75-D776-3F41A828DE88,product_id1,23
990,F85A7D75-2778-9D75-D776-3F41A828DE88,product_id2,97
991,F85A7D75-2778-9D75-D776-3F41A828DE88,product_id3,31
992,F85A7D75-2778-9D75-D776-3F41A828DE88,product_id4,3
993,9EE639A3-2836-87C2-207F-AF3941834DB2,product_id1,19
994,9EE639A3-2836-87C2-207F-AF3941834DB2,product_id2,7
995,B2C86E4D-8267-F19E-171E-FA48BA22C973,product_id1,17
996,B2C86E4D-8267-F19E-171E-FA48BA22C973,product_id2,11
997,EF9E08A9-457D-D7C1-41E4-059B31C35CEC,product_id1,61
998,A1701A12-426C-3632-A533-974AD887466A,product_id1,83
999,A1701A12-426C-3632-A533-974AD887466A,product_id2,19
1000,A1701A12-426C-3632-A533-974AD887466A,product_id3,29
1001,B3B7F2C7-AC19-929C-EEC2-8333E6EBE781,product_id1,17
1002,80776A89-E0D2-A8EA-759B-50427D32BADA,product_id1,89
1003,1742D72D-6EC3-1B42-A1B2-24AA75A6A14B,product_id1,17
1004,1742D72D-6EC3-1B42-A1B2-24AA75A6A14B,product_id2,11
1005,1742D72D-6EC3-1B42-A1B2-24AA75A6A14B,product_id3,83
1006,1742D72D-6EC3-1B42-A1B2-24AA75A6A14B,product_id4,67
1007,32A9BDCA-1390-2BE1-82C8-AD514E38A203,product_id1,67
1008,32A9BDCA-1390-2BE1-82C8-AD514E38A203,product_id2,2
1009,DC1885DA-2644-8623-0C0D-67AB5D8AB223,product_id1,73
1010,DC1885DA-2644-8623-0C0D-67AB5D8AB223,product_id2,17
1011,18528B27-18B8-93DA-9B8C-31635C536DA4,product_id1,83
1012,18528B27-18B8-93DA-9B8C-31635C536DA4,product_id2,31
1013,AA6CA954-0AF1-D69E-6BEF-6B5B168C1A82,product_id1,23
1014,AA6CA954-0AF1-D69E-6BEF-6B5B168C1A82,product_id2,83
1015,3461A2B4-8BEE-3797-ACA4-1DA3E64AC243,product_id1,79
1016,3461A2B4-8BEE-3797-ACA4-1DA3E64AC243,product_id2,5
1017,615195B8-9983-A350-3DC7-A16B5135D68C,product_id1,1
1018,615195B8-9983-A350-3DC7-A16B5135D68C,product_id2,79
1019,615195B8-9983-A350-3DC7-A16B5135D68C,product_id3,47
1020,971B44E4-D8B9-4553-163B-E41EB6A0637E,product_id1,17
1021,971B44E4-D8B9-4553-163B-E41EB6A0637E,product_id2,73
1022,971B44E4-D8B9-4553-163B-E41EB6A0637E,product_id3,2
1023,971B44E4-D8B9-4553-163B-E41EB6A0637E,product_id4,97
1024,DE55E734-9DA5-0725-EB1A-3CEB5517D4EB,product_id1,23
1025,CDB26CD6-B89A-8EDD-E1BE-A332460535C7,product_id1,37
1026,CDB26CD6-B89A-8EDD-E1BE-A332460535C7,product_id2,13
1027,CDB26CD6-B89A-8EDD-E1BE-A332460535C7,product_id3,89
1028,E7756387-9D45-B1B5-D351-B1BFB64C485C,product_id1,47
1029,E7756387-9D45-B1B5-D351-B1BFB64C485C,product_id2,79
1030,E7756387-9D45-B1B5-D351-B1BFB64C485C,product_id3,41
1031,E7756387-9D45-B1B5-D351-B1BFB64C485C,product_id4,89
1032,5B56159E-E3E6-2777-BC01-5659C2A69E96,product_id1,23
1033,5B56159E-E3E6-2777-BC01-5659C2A69E96,product_id2,41
1034,5B56159E-E3E6-2777-BC01-5659C2A69E96,product_id3,17
1035,A11EE195-49D1-4B36-28B2-47DD1541A2D4,product_id1,29
1036,A11EE195-49D1-4B36-28B2-47DD1541A2D4,product_id2,71
1037,A11EE195-49D1-4B36-28B2-47DD1541A2D4,product_id3,61
1038,2EBE1D7D-9D97-9E4D-E758-2CDB994497A5,product_id1,89
1039,2EBE1D7D-9D97-9E4D-E758-2CDB994497A5,product_id2,53
1040,2EBE1D7D-9D97-9E4D-E758-2CDB994497A5,product_id3,59
1041,7D2C6E68-5951-C198-A567-75D465E7CDD0,product_id1,13
1042,7D2C6E68-5951-C198-A567-75D465E7CDD0,product_id2,2
1043,7D2C6E68-5951-C198-A567-75D465E7CDD0,product_id3,5
1044,AF4491D0-A15D-BAAC-4D0B-42B3F645632B,product_id1,11
1045,AF4491D0-A15D-BAAC-4D0B-42B3F645632B,product_id2,79
1046,AF4491D0-A15D-BAAC-4D0B-42B3F645632B,product_id3,37
1047,7E9C9286-F32B-3CA5-68A3-4A841E3A8311,product_id1,1
1048,7E9C9286-F32B-3CA5-68A3-4A841E3A8311,product_id2,31
1049,7E9C9286-F32B-3CA5-68A3-4A841E3A8311,product_id3,71
1050,7E9C9286-F32B-3CA5-68A3-4A841E3A8311,product_id4,11
1051,E69AA81E-A9BE-5A34-1804-E349A1A76C26,product_id1,61
1052,E69AA81E-A9BE-5A34-1804-E349A1A76C26,product_id2,37
1053,E69AA81E-A9BE-5A34-1804-E349A1A76C26,product_id3,19
1054,1C9EE7A2-EA73-9E54-DAC7-D08632543C68,product_id1,2
1055,1C9EE7A2-EA73-9E54-DAC7-D08632543C68,product_id2,5
1056,1C9EE7A2-EA73-9E54-DAC7-D08632543C68,product_id3,73
1057,EA69485B-09A2-6170-73C4-65AFE5B71F4F,product_id1,7
1058,EA69485B-09A2-6170-73C4-65AFE5B71F4F,product_id2,83
1059,EA69485B-09A2-6170-73C4-65AFE5B71F4F,product_id3,59
1060,36CCD7CD-F90E-2EE9-5B8B-576A04715373,product_id1,11
1061,4C978E50-CBB5-9B56-2BB5-BFE53636C719,product_id1,43
1062,4C978E50-CBB5-9B56-2BB5-BFE53636C719,product_id2,31
1063,4C978E50-CBB5-9B56-2BB5-BFE53636C719,product_id3,47
1064,67692B94-E67F-0D25-59BF-D236BD9B4711,product_id1,7
1065,67692B94-E67F-0D25-59BF-D236BD9B4711,product_id2,89
1066,EA41A50E-27D6-3612-788C-AD736D4EF523,product_id1,2
1067,EA41A50E-27D6-3612-788C-AD736D4EF523,product_id2,17
1068,EA41A50E-27D6-3612-788C-AD736D4EF523,product_id3,47
1069,EA41A50E-27D6-3612-788C-AD736D4EF523,product_id4,19
1070,5B3327C3-0A6C-EFF1-182A-CD8220923A98,product_id1,61
1071,6CD4E674-30C5-7F82-7AE5-D8D48E62A684,product_id1,67
1072,6CD4E674-30C5-7F82-7AE5-D8D48E62A684,product_id2,89
1073,6CD4E674-30C5-7F82-7AE5-D8D48E62A684,product_id3,17
1074,6CD4E674-30C5-7F82-7AE5-D8D48E62A684,product_id4,97
1075,96EC9CC8-867A-B71B-D61A-934C59DF7514,product_id1,67
1076,450ADB51-22CC-B21C-7985-6F34366BE126,product_id1,13
1077,450ADB51-22CC-B21C-7985-6F34366BE126,product_id2,29
1078,450ADB51-22CC-B21C-7985-6F34366BE126,product_id3,19
1079,A780B6A7-8EFF-9DBD-2024-FC4E3AE5DE27,product_id1,11
1080,8F54691C-221E-BB4E-4954-5373EE2C959E,product_id1,13
1081,8F54691C-221E-BB4E-4954-5373EE2C959E,product_id2,43
1082,2899837A-45A3-D3B1-0D03-8B33B867DF9B,product_id1,11
1083,2899837A-45A3-D3B1-0D03-8B33B867DF9B,product_id2,41
1084,2899837A-45A3-D3B1-0D03-8B33B867DF9B,product_id3,29
1085,683334BD-AA2A-0249-B1E8-2FB4CE44E908,product_id1,67
1086,683334BD-AA2A-0249-B1E8-2FB4CE44E908,product_id2,43
1087,1026DA24-8929-31F1-8250-D7BAB05C13D2,product_id1,89
1088,1026DA24-8929-31F1-8250-D7BAB05C13D2,product_id2,11
1089,1026DA24-8929-31F1-8250-D7BAB05C13D2,product_id3,97
1090,1026DA24-8929-31F1-8250-D7BAB05C13D2,product_id4,79
1091,310B8BF9-A441-1470-EDEF-417B7EF2B169,product_id1,3
1092,310B8BF9-A441-1470-EDEF-417B7EF2B169,product_id2,31
1093,310B8BF9-A441-1470-EDEF-417B7EF2B169,product_id3,97
1094,310B8BF9-A441-1470-EDEF-417B7EF2B169,product_id4,5
1095,6D2CA59B-C6E7-3938-CA4D-3603D23647A9,product_id1,53
1096,6D2CA59B-C6E7-3938-CA4D-3603D23647A9,product_id2,29
1097,6D2CA59B-C6E7-3938-CA4D-3603D23647A9,product_id3,59
1098,3DED9D58-D22A-2B11-C662-183011AE51F4,product_id1,79
1099,3DED9D58-D22A-2B11-C662-183011AE51F4,product_id2,1
1100,1D03001C-97EC-77F6-6E7E-8E2CAC237EA4,product_id1,13
1101,1D03001C-97EC-77F6-6E7E-8E2CAC237EA4,product_id2,53
1102,F56FCA4A-0039-9F64-7376-85632B91121B,product_id1,79
1103,F56FCA4A-0039-9F64-7376-85632B91121B,product_id2,23
1104,F56FCA4A-0039-9F64-7376-85632B91121B,product_id3,71
1105,F56FCA4A-0039-9F64-7376-85632B91121B,product_id4,41
1106,DE182E71-1C46-2EB8-A27F-2167D2D3B5D6,product_id1,73
1107,DE182E71-1C46-2EB8-A27F-2167D2D3B5D6,product_id2,13
1108,36AD59C1-944F-C355-8358-B83A446F3272,product_id1,5
1109,36AD59C1-944F-C355-8358-B83A446F3272,product_id2,67
1110,156F3F80-7E7D-65CF-727D-6AE03CEB7520,product_id1,5
1111,06CD9AA5-9B42-D684-DDDD-A5E394FEBA99,product_id1,43
1112,06CD9AA5-9B42-D684-DDDD-A5E394FEBA99,product_id2,31
1113,CAA74261-A8B4-9FAF-C71E-D439262C143C,product_id1,37
1114,EB46D6A6-0851-FA55-1292-DB04B2684794,product_id1,5
1115,95E6F678-3731-28A5-EB21-1A8D2D016BCB,product_id1,31
1116,DB49DD45-6B1E-A151-5881-BDE2DC2965C0,product_id1,73
1117,DB49DD45-6B1E-A151-5881-BDE2DC2965C0,product_id2,41
1118,DB49DD45-6B1E-A151-5881-BDE2DC2965C0,product_id3,19
1119,9F698741-2C27-2C18-9CD3-E3C7F9FBE1CB,product_id1,29
1120,88A74E4E-D317-3F69-86A2-57849C548E71,product_id1,53
1121,88A74E4E-D317-3F69-86A2-57849C548E71,product_id2,59
1122,8028392D-6B8B-C3A3-4E16-E86603AD4204,product_id1,31
1123,8028392D-6B8B-C3A3-4E16-E86603AD4204,product_id2,43
1124,8028392D-6B8B-C3A3-4E16-E86603AD4204,product_id3,37
1125,8028392D-6B8B-C3A3-4E16-E86603AD4204,product_id4,61
1126,1998A483-B4CD-FAE6-745C-8F2F2EB77A8E,product_id1,31
1127,1998A483-B4CD-FAE6-745C-8F2F2EB77A8E,product_id2,67
1128,1998A483-B4CD-FAE6-745C-8F2F2EB77A8E,product_id3,47
1129,A89D4669-57D3-2ED8-5E49-BDC1293B0BBB,product_id1,43
1130,A89D4669-57D3-2ED8-5E49-BDC1293B0BBB,product_id2,97
1131,A89D4669-57D3-2ED8-5E49-BDC1293B0BBB,product_id3,47
1132,A89D4669-57D3-2ED8-5E49-BDC1293B0BBB,product_id4,13
1133,2A37F5B3-11D8-3BA4-6E94-B7407D91942C,product_id1,89
1134,2A37F5B3-11D8-3BA4-6E94-B7407D91942C,product_id2,59
1135,D2BA2DBB-ED84-B809-6198-E8461BE35646,product_id1,37
1136,D2BA2DBB-ED84-B809-6198-E8461BE35646,product_id2,3
1137,69D90229-AD26-43C3-5AAF-8D332D3B3E62,product_id1,67
1138,69D90229-AD26-43C3-5AAF-8D332D3B3E62,product_id2,29
1139,83A757C6-A262-AECA-6AC3-5FBA32AB7329,product_id1,89
1140,83A757C6-A262-AECA-6AC3-5FBA32AB7329,product_id2,13
1141,83A757C6-A262-AECA-6AC3-5FBA32AB7329,product_id3,19
1142,83A757C6-A262-AECA-6AC3-5FBA32AB7329,product_id4,43
1143,AD85A78A-8829-5746-93A0-8B7A792EBC18,product_id1,2
1144,AD85A78A-8829-5746-93A0-8B7A792EBC18,product_id2,3
1145,AD85A78A-8829-5746-93A0-8B7A792EBC18,product_id3,29
1146,26D8A738-B651-A620-1EEA-D8E2CD353BEB,product_id1,19
1147,26D8A738-B651-A620-1EEA-D8E2CD353BEB,product_id2,17
1148,26D8A738-B651-A620-1EEA-D8E2CD353BEB,product_id3,7
1149,185C9F2C-67A2-8EC0-0BB6-93789CC59F05,product_id1,11
1150,185C9F2C-67A2-8EC0-0BB6-93789CC59F05,product_id2,53
1151,D3831AE1-A50D-1541-AF7B-EE75529F278A,product_id1,23
1152,D3831AE1-A50D-1541-AF7B-EE75529F278A,product_id2,67
1153,87D22108-C911-AC97-A3BE-B91C1DEEAE79,product_id1,23
1154,02C6201E-D90A-1859-B4EE-88D2986D3B02,product_id1,71
1155,02C6201E-D90A-1859-B4EE-88D2986D3B02,product_id2,1
1156,02C6201E-D90A-1859-B4EE-88D2986D3B02,product_id3,19
1157,6575E457-EF8B-B50A-AD85-68ED6FE98BE1,product_id1,19
1158,644264C8-A268-C3C5-5929-958C49CBC926,product_id1,43
1159,644264C8-A268-C3C5-5929-958C49CBC926,product_id2,1
1160,9B9F8626-8BA7-45E2-CE6D-CD16D0ED80E4,product_id1,23
1161,9B9F8626-8BA7-45E2-CE6D-CD16D0ED80E4,product_id2,67
1162,17561134-37A4-E316-2C3C-C5541EDAD761,product_id1,53
1163,17561134-37A4-E316-2C3C-C5541EDAD761,product_id2,2
1164,C3516B1E-4923-B2DF-E6E2-B07548480CCF,product_id1,17
1165,EFEECC2E-2A69-AB33-D599-E82AA689E3B3,product_id1,71
1166,EFEECC2E-2A69-AB33-D599-E82AA689E3B3,product_id2,53
1167,EFEECC2E-2A69-AB33-D599-E82AA689E3B3,product_id3,67
1168,55166D02-D74C-6A63-6C54-8678467649B4,product_id1,97
1169,55166D02-D74C-6A63-6C54-8678467649B4,product_id2,89
1170,55166D02-D74C-6A63-6C54-8678467649B4,product_id3,83
1171,E6873589-5339-4189-E984-9F4B54C844A4,product_id1,37
1172,E6873589-5339-4189-E984-9F4B54C844A4,product_id2,29
1173,18B2472B-DA8B-36F7-B0F2-7DDA688B73D1,product_id1,59
1174,18B2472B-DA8B-36F7-B0F2-7DDA688B73D1,product_id2,23
1175,C9185110-96F7-193C-D4B4-D1086A63744A,product_id1,53
1176,C9185110-96F7-193C-D4B4-D1086A63744A,product_id2,89
1177,C9185110-96F7-193C-D4B4-D1086A63744A,product_id3,23
1178,85068503-9D65-6978-D3C4-8E4A8A1B9A3C,product_id1,17
1179,85068503-9D65-6978-D3C4-8E4A8A1B9A3C,product_id2,7
1180,85068503-9D65-6978-D3C4-8E4A8A1B9A3C,product_id3,47
1181,F1A598A2-86C5-50A9-F1CE-FB1D69866C39,product_id1,79
1182,F1A598A2-86C5-50A9-F1CE-FB1D69866C39,product_id2,73
1183,AC777376-9329-BE65-285C-505D7C83A262,product_id1,23
1184,AC777376-9329-BE65-285C-505D7C83A262,product_id2,97
1185,AC777376-9329-BE65-285C-505D7C83A262,product_id3,61
1186,AC777376-9329-BE65-285C-505D7C83A262,product_id4,83
1187,4DA5B1CE-E88C-23D1-AE6A-B7589E4FB2D5,product_id1,5
1188,DA247F32-9723-9BB6-B770-BC39C252CE15,product_id1,7
1189,DA247F32-9723-9BB6-B770-BC39C252CE15,product_id2,2
1190,DA247F32-9723-9BB6-B770-BC39C252CE15,product_id3,1
1191,935EBFEE-B75C-6C68-4AC3-61351035C549,product_id1,79
1192,935EBFEE-B75C-6C68-4AC3-61351035C549,product_id2,61
1193,D84548D7-A8CE-3CC7-852E-1A67EF7937F7,product_id1,67
1194,D84548D7-A8CE-3CC7-852E-1A67EF7937F7,product_id2,71
1195,D84548D7-A8CE-3CC7-852E-1A67EF7937F7,product_id3,19
1196,B8DD4087-8749-D9A1-4E81-C28FBFD76C94,product_id1,5
1197,B8DD4087-8749-D9A1-4E81-C28FBFD76C94,product_id2,13
1198,B8DD4087-8749-D9A1-4E81-C28FBFD76C94,product_id3,47
1199,3EB67ADC-B4F1-83C4-93E2-E8469D1A37F6,product_id1,37
1200,3EB67ADC-B4F1-83C4-93E2-E8469D1A37F6,product_id2,89
1201,88A92E6E-863C-A9AA-D832-B46BF23597CE,product_id1,13
1202,88A92E6E-863C-A9AA-D832-B46BF23597CE,product_id2,2
1203,88A92E6E-863C-A9AA-D832-B46BF23597CE,product_id3,31
1204,CAD3A46C-AA37-967D-A1BA-5C490488D9AC,product_id1,41
1205,CAD3A46C-AA37-967D-A1BA-5C490488D9AC,product_id2,97
1206,5ED7CB81-3126-AD69-E8D8-ACC187976BBB,product_id1,43
1207,E68665E5-5CB3-3325-9AE2-24B1E11353D2,product_id1,13
1208,D938FE61-B342-04B6-78A7-C9FA57B590AA,product_id1,37
1209,D938FE61-B342-04B6-78A7-C9FA57B590AA,product_id2,23
1210,D938FE61-B342-04B6-78A7-C9FA57B590AA,product_id3,67
1211,D938FE61-B342-04B6-78A7-C9FA57B590AA,product_id4,13
1212,7BA8EED9-5129-BC22-1BBC-1E832192D5C4,product_id1,41
1213,7BA8EED9-5129-BC22-1BBC-1E832192D5C4,product_id2,61
1214,5ED6188E-9C6F-3B05-DE49-41543384BDF7,product_id1,11
1215,D8FF8171-7166-24CA-3936-576581686158,product_id1,41
1216,D8FF8171-7166-24CA-3936-576581686158,product_id2,83
1217,11ABED97-EA12-1B9A-96F0-A93ACC172179,product_id1,29
1218,B31AC3BB-1529-B0CE-C385-41CDFF671921,product_id1,11
1219,B31AC3BB-1529-B0CE-C385-41CDFF671921,product_id2,17
1220,2660D3B8-0B2C-AEBA-A891-95433968CF71,product_id1,83
1221,2660D3B8-0B2C-AEBA-A891-95433968CF71,product_id2,17
1222,2660D3B8-0B2C-AEBA-A891-95433968CF71,product_id3,29
1223,2660D3B8-0B2C-AEBA-A891-95433968CF71,product_id4,61
1224,18B1AD88-F155-45B7-D2EA-4738407435D6,product_id1,7
1225,E3E941D3-0866-2E6F-85D7-A2F21E79A215,product_id1,7
1226,E3E941D3-0866-2E6F-85D7-A2F21E79A215,product_id2,31
1227,E3E941D3-0866-2E6F-85D7-A2F21E79A215,product_id3,29
1228,DA7A5D76-448A-678E-4836-465C8B963F4E,product_id1,83
1229,44D0BBB1-975E-86AA-75DA-BDAFED65F368,product_id1,29
1230,A2CD7827-4C8D-9E71-8549-262833307BF1,product_id1,31
1231,A2CD7827-4C8D-9E71-8549-262833307BF1,product_id2,97
1232,A2CD7827-4C8D-9E71-8549-262833307BF1,product_id3,73
1233,8BCE9908-6D44-B7DB-D363-D468A2DF3A25,product_id1,37
1234,8BCE9908-6D44-B7DB-D363-D468A2DF3A25,product_id2,67
1235,8BCE9908-6D44-B7DB-D363-D468A2DF3A25,product_id3,23
1236,8BCE9908-6D44-B7DB-D363-D468A2DF3A25,product_id4,83
